hhid,region,district,village,urban,hh_size,female_head,disability_member,children_under5,school_age_children,proxy_means_score,eligible_baseline,food_insecurity_score_bl,school_attendance_rate_bl,health_visit_last_month_bl,survey_date_bl,enum_id_bl
HH00001,South,Hima,Hima-13,0,5,1,1,0,2,39.1,1,9,83.6,1,2025-03-02,EN07
HH00002,Central,Faro,Faro-10,0,3,0,0,0,2,47.5,1,9,60.8,1,2025-03-14,EN09
HH00003,South,Galo,Galo-09,0,4,1,0,1,2,65.2,0,9,84.4,0,2025-03-17,EN10
HH00004,South,Galo,Galo-17,0,4,0,0,2,1,54.8,0,10,93.3,0,2025-04-03,EN05
HH00005,South,Galo,Galo-07,0,4,1,0,0,3,31.5,1,5,70.9,0,2025-03-01,EN12
HH00006,Coast,Jubo,Jubo-16,1,1,1,0,1,1,41.0,1,5,74.5,1,2025-04-02,EN10
HH00007,South,Galo,Galo-01,0,4,0,1,0,3,47.9,1,8,76.4,0,2025-03-20,EN12
HH00008,North,Coro,Coro-09,0,1,0,0,1,1,54.4,0,9,78.7,0,2025-04-11,EN14
HH00009,Central,Elo,Elo-03,0,3,0,0,1,0,28.6,1,9,63.7,0,2025-03-01,EN15
HH00010,North,Bela,Bela-01,0,4,1,0,0,2,44.7,1,11,75.2,1,2025-03-20,EN16
HH00011,South,Galo,Galo-15,0,6,0,0,1,1,67.1,0,8,90.6,0,2025-03-01,EN03
HH00012,South,Ila,Ila-02,0,7,0,0,0,2,34.1,1,12,92.6,1,2025-03-29,EN03
HH00013,Coast,Kalo,Kalo-02,1,7,0,0,2,1,46.9,1,8,68.2,1,2025-04-11,EN10
HH00014,Coast,Jubo,Jubo-02,1,4,0,0,2,1,33.2,1,11,83.2,0,2025-03-17,EN02
HH00015,North,Bela,Bela-01,0,4,0,0,0,2,86.3,0,7,60.5,1,2025-04-09,EN05
HH00016,South,Hima,Hima-09,0,2,0,0,0,2,45.1,1,9,78.8,0,2025-04-09,EN15
HH00017,North,Aru,Aru-18,0,6,1,0,0,0,44.0,1,10,81.0,0,2025-04-01,EN08
HH00018,Coast,Jubo,Jubo-02,0,3,0,0,0,1,39.8,1,11,72.9,0,2025-03-13,EN16
HH00019,North,Coro,Coro-17,0,8,1,0,0,4,73.0,0,6,64.9,1,2025-03-02,EN01
HH00020,South,Ila,Ila-18,0,7,1,0,1,2,45.5,1,7,74.3,0,2025-03-18,EN04
HH00021,Coast,Luma,Luma-09,0,6,0,0,1,0,44.6,1,8,80.2,1,2025-03-25,EN08
HH00022,Central,Elo,Elo-15,0,5,0,1,0,0,28.5,1,6,73.8,1,2025-03-19,EN06
HH00023,Central,Elo,Elo-17,0,4,0,1,0,0,14.3,1,6,89.6,1,2025-03-21,EN04
HH00024,South,Hima,Hima-15,0,6,0,1,2,2,48.1,1,12,64.2,0,2025-03-26,EN09
HH00025,Central,Faro,Faro-11,0,7,1,0,0,0,49.8,0,11,80.6,0,2025-03-27,EN06
HH00026,South,Hima,Hima-05,0,3,0,0,0,2,31.1,1,10,76.7,0,2025-03-15,EN08
HH00027,South,Ila,Ila-10,0,7,0,0,0,0,41.1,1,9,58.6,0,2025-04-06,EN03
HH00028,Central,Faro,Faro-16,0,4,0,0,0,1,43.9,1,9,90.1,1,2025-03-25,EN13
HH00029,Coast,Kalo,Kalo-12,1,2,0,0,2,2,74.9,0,12,74.3,0,2025-04-09,EN14
HH00030,South,Galo,Galo-03,0,7,1,0,0,0,45.7,1,6,78.4,0,2025-03-12,EN07
HH00031,Coast,Kalo,Kalo-12,0,8,0,0,0,2,65.4,0,5,73.4,0,2025-03-17,EN08
HH00032,North,Aru,Aru-12,0,5,1,0,0,2,43.9,1,10,87.2,0,2025-04-09,EN04
HH00033,South,Hima,Hima-01,0,4,0,0,0,3,61.6,0,8,65.9,0,2025-04-05,EN05
HH00034,Central,Faro,Faro-06,0,1,1,0,1,1,61.2,0,11,66.6,0,2025-03-16,EN16
HH00035,South,Ila,Ila-12,0,5,1,1,0,1,28.5,1,8,71.6,1,2025-03-30,EN11
HH00036,South,Ila,Ila-02,0,3,0,0,0,1,64.8,0,12,68.9,1,2025-04-09,EN03
HH00037,North,Aru,Aru-05,0,5,0,0,1,2,59.0,0,11,81.6,0,2025-03-05,EN15
HH00038,Central,Dima,Dima-18,0,2,1,1,1,1,21.9,1,11,81.0,0,2025-03-25,EN02
HH00039,North,Aru,Aru-18,0,6,0,0,2,0,88.1,0,12,75.0,1,2025-04-06,EN07
HH00040,North,Bela,Bela-16,0,3,0,0,1,1,66.6,0,11,68.0,0,2025-03-19,EN12
HH00041,Central,Elo,Elo-03,0,4,1,0,1,2,44.9,1,12,55.6,1,2025-04-01,EN08
HH00042,North,Bela,Bela-13,0,6,0,0,1,0,48.8,0,7,73.5,1,2025-04-08,EN01
HH00043,North,Coro,Coro-14,0,5,0,0,0,0,33.8,1,8,69.6,0,2025-04-04,EN09
HH00044,Central,Elo,Elo-14,0,8,0,1,1,2,26.7,1,6,75.3,1,2025-04-11,EN09
HH00045,South,Hima,Hima-17,0,2,0,1,0,2,67.7,1,10,48.8,0,2025-03-09,EN08
HH00046,Coast,Kalo,Kalo-08,1,3,0,1,0,0,36.0,1,7,79.2,0,2025-03-25,EN16
HH00047,Coast,Kalo,Kalo-12,1,4,0,0,1,1,93.3,0,9,58.6,1,2025-04-12,EN11
HH00048,North,Bela,Bela-15,0,6,0,0,1,2,42.2,1,12,70.4,0,2025-03-17,EN08
HH00049,Central,Dima,Dima-15,0,4,0,0,0,0,67.9,0,12,73.4,1,2025-03-28,EN04
HH00050,Central,Dima,Dima-07,0,5,1,0,1,2,39.4,1,9,62.6,0,2025-03-14,EN03
HH00051,Coast,Kalo,Kalo-08,0,5,1,0,2,2,29.2,1,7,68.3,0,2025-03-19,EN10
HH00052,North,Coro,Coro-14,0,1,0,0,0,1,46.8,1,10,70.6,1,2025-03-06,EN11
HH00053,Central,Dima,Dima-07,0,4,0,0,1,1,32.3,1,7,74.3,0,2025-03-15,EN06
HH00054,Central,Dima,Dima-05,0,6,0,0,0,1,35.5,1,8,81.3,0,2025-03-31,EN04
HH00055,North,Coro,Coro-05,0,6,1,0,0,2,23.4,1,7,85.4,0,2025-03-15,EN05
HH00056,Coast,Jubo,Jubo-07,1,4,0,0,0,0,48.9,0,10,80.0,1,2025-03-22,EN02
HH00057,South,Ila,Ila-11,0,7,0,1,1,1,37.5,1,6,87.1,0,2025-03-22,EN04
HH00058,South,Ila,Ila-07,0,5,0,0,0,3,,0,6,65.9,0,2025-04-01,EN11
HH00059,Coast,Jubo,Jubo-18,1,4,0,0,2,1,59.9,0,10,81.7,0,2025-03-04,EN16
HH00060,Coast,Jubo,Jubo-17,1,6,0,1,3,4,27.9,1,7,72.1,1,2025-04-02,EN08
HH00061,Central,Elo,Elo-14,0,4,0,0,0,0,29.0,1,5,77.1,0,2025-03-17,EN07
HH00062,South,Hima,Hima-12,0,5,0,0,2,0,60.0,0,6,74.1,0,2025-03-27,EN09
HH00063,North,Coro,Coro-11,0,5,0,0,2,0,54.0,0,10,79.4,0,2025-03-28,EN07
HH00064,Coast,Kalo,Kalo-17,0,5,1,0,1,4,21.3,1,4,67.5,1,2025-04-08,EN16
HH00065,Coast,Jubo,Jubo-03,0,3,0,1,1,2,5,1,5,78.5,1,2025-04-07,EN09
HH00066,Coast,Kalo,Kalo-10,1,1,0,0,1,1,49.4,0,11,60.5,1,2025-03-08,EN15
HH00067,South,Galo,Galo-07,0,3,1,0,0,2,84.4,0,12,85.4,1,2025-03-24,EN15
HH00068,South,Galo,Galo-17,0,3,0,1,1,0,18.2,1,9,75.3,1,2025-03-12,EN04
HH00069,Coast,Jubo,Jubo-17,0,5,0,0,0,0,61.3,0,5,68.8,0,2025-04-09,EN03
HH00070,North,Coro,Coro-05,0,1,1,0,1,1,49.7,0,10,92.4,0,2025-03-25,EN15
HH00071,Central,Dima,Dima-16,0,6,1,0,1,3,58.2,0,9,76.2,0,2025-03-09,EN04
HH00072,North,Bela,Bela-10,0,1,0,0,0,1,63.2,0,6,58.1,0,2025-03-27,EN04
HH00073,Central,Elo,Elo-14,0,4,0,0,0,0,36.9,1,8,86.5,1,2025-03-25,EN10
HH00074,Coast,Luma,Luma-06,0,9,0,0,2,1,49.2,0,6,66.5,0,2025-04-01,EN06
HH00075,North,Bela,Bela-13,0,7,1,0,0,0,48.3,0,10,61.8,1,2025-03-20,EN02
HH00076,South,Galo,Galo-17,0,6,1,0,1,3,23.3,1,7,82.7,1,2025-03-02,EN09
HH00077,Coast,Jubo,Jubo-07,1,22,1,0,0,2,,1,9,62.7,1,2025-03-17,EN11
HH00078,Coast,Kalo,Kalo-10,1,8,0,0,2,2,95,0,7,62.6,1,2025-04-11,EN07
HH00079,Coast,Luma,Luma-12,0,2,1,0,1,1,47.4,1,10,84.3,0,2025-03-06,EN16
HH00080,South,Galo,Galo-05,0,6,0,0,0,1,15.7,1,8,94.1,0,2025-03-19,EN02
HH00081,North,Bela,Bela-04,0,7,0,1,0,0,29.5,1,10,87.2,1,2025-03-06,EN13
HH00082,North,Aru,Aru-16,0,5,0,0,0,1,49.6,0,9,80.4,0,2025-03-25,EN14
HH00083,Central,Dima,Dima-02,0,5,1,1,2,1,31.8,1,9,71.3,0,2025-04-03,EN11
HH00084,Central,Elo,Elo-06,0,6,0,0,2,1,60.8,0,6,76.3,1,2025-03-29,EN01
HH00085,South,Ila,Ila-03,0,5,1,0,1,2,32.3,1,9,73.3,1,2025-03-09,EN03
HH00086,North,Bela,Bela-11,0,4,0,0,2,0,39.7,1,9,80.4,0,2025-03-10,EN14
HH00087,Central,Dima,Dima-13,0,4,1,0,0,1,11.1,1,10,74.1,0,2025-03-08,EN06
HH00088,Coast,Kalo,Kalo-11,0,6,1,1,0,2,60.8,1,8,69.3,0,2025-03-20,EN09
HH00089,Coast,Kalo,Kalo-10,1,5,0,0,1,0,49.3,0,11,71.6,0,2025-04-02,EN08
HH00090,South,Galo,Galo-11,0,7,1,0,2,1,20.5,1,4,55.9,1,2025-03-11,EN07
HH00091,Central,Elo,Elo-16,0,6,0,0,0,2,54.3,0,9,63.3,1,2025-03-26,EN02
HH00092,North,Aru,Aru-06,0,6,0,1,1,1,69.4,1,5,74.2,1,2025-03-22,EN05
HH00093,South,Galo,Galo-09,0,5,0,0,0,1,58.8,0,8,70.8,0,2025-03-17,EN14
HH00094,Central,Faro,Faro-15,0,2,0,0,2,1,63.3,0,12,62.2,1,2025-03-31,EN02
HH00095,North,Coro,Coro-11,0,7,0,0,0,0,16.3,1,11,66.3,1,2025-03-26,EN14
HH00096,North,Aru,Aru-12,0,5,0,0,0,2,36.8,1,11,78.9,1,2025-03-15,EN02
HH00097,South,Galo,Galo-05,0,5,1,0,0,0,56.3,0,6,52.6,1,2025-04-06,EN15
HH00098,North,Bela,Bela-07,0,1,1,0,0,1,58.9,0,8,79.9,1,2025-03-16,EN13
HH00099,Coast,Kalo,Kalo-15,0,5,1,0,0,1,44.1,1,7,88.5,1,2025-03-09,EN02
HH00100,Coast,Kalo,Kalo-08,1,1,1,0,0,0,28.3,1,9,73.7,1,2025-03-12,EN15
HH00101,South,Hima,Hima-17,0,5,0,0,0,1,39.5,1,8,74.8,0,2025-04-08,EN08
HH00102,North,Bela,Bela-08,0,3,0,1,1,0,38.6,1,7,69.7,1,2025-03-12,EN05
HH00103,Coast,Jubo,Jubo-09,1,7,0,1,0,0,26.1,1,9,81.6,0,2025-04-01,EN10
HH00104,Central,Dima,Dima-04,0,7,0,0,0,1,48.7,0,7,50.2,0,2025-04-06,EN09
HH00105,Central,Dima,Dima-14,0,4,1,0,2,1,64.7,0,11,68.8,0,2025-03-25,EN11
HH00106,North,Bela,Bela-06,0,8,0,0,1,2,55.3,0,9,63.2,0,2025-03-15,EN04
HH00107,North,Aru,Aru-18,0,9,0,0,1,2,47.2,1,9,85.5,0,2025-04-11,EN06
HH00108,Coast,Jubo,Jubo-05,1,3,0,0,2,0,45.9,1,5,64.9,0,2025-04-12,EN07
HH00109,Coast,Jubo,Jubo-12,0,5,1,0,0,2,9.7,1,8,66.9,1,2025-03-19,EN09
HH00110,South,Hima,Hima-13,0,2,0,0,1,1,55.4,0,11,84.7,0,2025-03-12,EN02
HH00111,Central,Dima,Dima-01,0,6,0,1,0,4,48.6,1,7,68.5,1,2025-03-24,EN01
HH00112,Coast,Jubo,Jubo-01,0,7,0,0,1,2,46.8,1,9,69.7,0,2025-03-19,EN15
HH00113,South,Ila,Ila-13,0,4,0,0,1,0,52.7,0,8,70.5,0,2025-03-17,EN11
HH00114,Coast,Jubo,Jubo-12,1,5,0,1,1,3,25.1,1,11,93.9,0,2025-03-07,EN09
HH00115,South,Ila,Ila-06,0,5,0,0,0,0,48.0,1,10,76.9,0,2025-03-17,EN04
HH00116,Central,Elo,Elo-08,0,8,1,0,2,1,32.8,1,8,92.7,1,2025-04-06,EN04
HH00117,North,Aru,Aru-11,0,4,0,0,0,1,61.4,0,6,68.7,0,2025-04-06,EN06
HH00118,South,Hima,Hima-08,0,7,1,0,0,0,49.7,0,9,84.5,0,2025-04-07,EN06
HH00119,North,Aru,Aru-11,0,8,1,0,0,1,58.5,0,8,73.4,1,2025-03-29,EN07
HH00120,North,Bela,Bela-10,0,5,0,1,2,2,24.7,1,5,76.0,1,2025-03-11,EN14
HH00121,North,Bela,Bela-06,0,2,1,1,0,0,23.0,1,10,93.5,1,2025-03-15,EN15
HH00122,North,Aru,Aru-12,0,7,0,0,0,1,42.3,1,10,75.5,0,2025-04-01,EN14
HH00123,North,Aru,Aru-13,0,5,0,1,1,0,6.0,1,10,75.1,0,2025-03-22,EN09
HH00124,North,Aru,Aru-08,0,3,0,0,2,2,63.9,0,11,57.1,0,2025-03-17,EN13
HH00125,Coast,Luma,Luma-06,0,9,0,1,2,2,20.4,1,5,73.7,1,2025-04-09,EN06
HH00126,Coast,Luma,Luma-10,1,4,0,0,1,0,53.9,0,9,77.8,0,2025-03-31,EN12
HH00127,Central,Elo,Elo-10,0,6,0,0,0,2,48.5,0,4,64.6,1,2025-03-29,EN08
HH00128,North,Bela,Bela-16,0,5,0,1,1,1,57.2,1,9,75.8,0,2025-03-31,EN12
HH00129,South,Hima,Hima-05,0,4,1,0,1,0,35.6,1,5,79.1,0,2025-03-22,EN01
HH00130,North,Coro,Coro-17,0,6,0,0,2,1,53.5,0,8,82.0,1,2025-03-01,EN04
HH00131,North,Aru,Aru-06,0,2,0,0,1,0,76.7,0,10,78.8,1,2025-03-29,EN09
HH00132,South,Galo,Galo-12,0,6,0,0,2,0,40.6,1,8,75.2,0,2025-03-13,EN13
HH00133,Coast,Luma,Luma-14,0,8,1,0,0,2,48.2,0,8,69.2,0,2025-03-08,EN04
HH00134,Central,Elo,Elo-15,0,2,0,0,0,1,73.8,0,7,67.1,1,2025-03-08,EN04
HH00135,North,Bela,Bela-03,0,5,0,0,0,1,37.6,1,7,64.6,0,2025-03-31,EN03
HH00136,Coast,Kalo,Kalo-01,1,3,1,1,0,1,5,1,4,91.9,0,2025-04-07,EN02
HH00137,North,Bela,Bela-07,0,7,1,0,2,1,39.9,1,7,91.6,0,2025-04-11,EN05
HH00138,Coast,Kalo,Kalo-04,1,10,0,0,0,0,68.3,0,7,53.1,1,2025-03-01,EN15
HH00139,North,Bela,Bela-07,0,6,0,0,0,4,56.1,0,10,75.4,0,2025-03-21,EN02
HH00140,Coast,Jubo,Jubo-17,0,2,0,0,0,0,14.5,1,5,74.0,0,2025-03-02,EN05
HH00141,South,Ila,Ila-17,0,6,0,1,0,0,22.4,1,2,76.0,1,2025-03-02,EN03
HH00142,Coast,Kalo,Kalo-18,1,7,0,0,0,1,49.6,0,12,86.7,0,2025-03-28,EN07
HH00143,Central,Dima,Dima-02,0,2,0,0,1,2,43.2,1,6,75.3,0,2025-03-21,EN14
HH00144,Coast,Jubo,Jubo-10,1,7,0,1,3,0,31.1,1,6,93.9,0,2025-03-14,EN04
HH00145,Coast,Jubo,Jubo-08,1,6,1,1,0,1,45.3,1,7,62.2,1,2025-03-15,EN14
HH00146,Central,Elo,Elo-06,0,6,0,0,0,0,57.2,0,10,79.1,0,2025-03-26,EN15
HH00147,Coast,Kalo,Kalo-03,0,5,0,0,2,0,18.0,1,6,68.6,0,2025-03-16,EN01
HH00148,North,Coro,Coro-05,0,6,0,1,0,1,24.6,1,7,81.5,0,2025-03-24,EN10
HH00149,North,Coro,Coro-07,0,6,0,0,1,0,46.8,1,10,66.2,0,2025-03-10,EN01
HH00150,Central,Elo,Elo-13,0,3,1,0,1,2,38.4,1,5,66.3,1,2025-04-10,EN16
HH00151,South,Hima,Hima-08,0,8,1,0,2,2,57.3,0,9,79.5,1,2025-04-10,EN02
HH00152,South,Hima,Hima-13,0,4,1,0,1,0,,1,7,75.6,1,2025-03-23,EN11
HH00153,Central,Elo,Elo-03,0,5,1,0,2,3,14.7,1,11,83.7,0,2025-03-17,EN09
HH00154,Central,Faro,Faro-18,0,6,0,0,1,3,85.0,0,12,69.3,0,2025-04-08,EN13
HH00155,Coast,Luma,Luma-18,0,1,0,0,1,1,,1,9,77.4,1,2025-04-01,EN11
HH00156,North,Aru,Aru-10,0,7,1,0,1,1,55.8,0,8,85.5,0,2025-03-09,EN13
HH00157,North,Coro,Coro-11,0,3,0,0,0,2,42.6,1,7,50.8,1,2025-04-10,EN12
HH00158,Coast,Kalo,Kalo-08,0,3,0,0,0,2,34.9,1,10,86.2,0,2025-03-29,EN07
HH00159,North,Bela,Bela-17,0,4,1,0,2,2,62.2,0,12,70.3,0,2025-03-24,EN14
HH00160,Central,Elo,Elo-01,0,6,0,0,3,0,49.2,0,6,83.5,1,2025-03-15,EN13
HH00161,Coast,Jubo,Jubo-17,0,6,0,0,0,0,20.2,1,7,79.0,1,2025-03-05,EN15
HH00162,North,Aru,Aru-13,0,4,0,1,3,0,29.7,1,4,80.1,0,2025-03-22,EN14
HH00163,North,Coro,Coro-10,0,6,0,0,0,0,40.7,1,6,81.8,1,2025-03-13,EN06
HH00164,Coast,Luma,Luma-15,1,8,1,0,0,0,8.6,1,10,78.9,0,2025-04-01,EN13
HH00165,Coast,Kalo,Kalo-09,1,3,0,0,0,3,63.2,0,12,67.4,1,2025-03-29,EN06
HH00166,Central,Elo,Elo-18,0,8,1,0,0,6,30.1,1,8,74.4,1,2025-03-15,EN10
HH00167,Coast,Jubo,Jubo-02,0,3,1,0,1,2,36.2,1,10,64.9,0,2025-04-03,EN06
HH00168,North,Bela,Bela-09,0,6,1,0,1,2,52.8,0,7,57.0,0,2025-03-05,EN10
HH00169,Coast,Luma,Luma-17,1,7,1,0,0,0,28.7,1,7,87.8,1,2025-03-09,EN15
HH00170,Coast,Luma,Luma-02,0,4,0,0,0,2,68.3,0,11,68.4,1,2025-03-23,EN16
HH00171,Coast,Jubo,Jubo-03,0,4,1,0,1,1,37.4,1,10,65.9,0,2025-03-05,EN14
HH00172,South,Hima,Hima-11,0,4,1,0,1,1,37.6,1,11,62.7,0,2025-04-11,EN10
HH00173,Coast,Kalo,Kalo-10,1,1,0,0,0,0,63.7,0,7,88.8,1,2025-03-09,EN15
HH00174,North,Bela,Bela-12,0,3,1,0,2,0,51.0,0,7,74.6,0,2025-03-11,EN04
HH00175,South,Galo,Galo-10,0,2,1,1,1,1,40.2,1,5,63.8,1,2025-03-01,EN12
HH00176,Coast,Kalo,Kalo-16,1,6,0,1,2,2,14.5,1,3,83.4,0,2025-04-07,EN03
HH00177,North,Aru,Aru-17,0,9,0,0,2,2,30.2,1,7,74.2,1,2025-03-20,EN08
HH00178,Coast,Kalo,Kalo-17,1,6,0,0,1,0,47.1,1,12,70.8,1,2025-03-24,EN04
HH00179,Coast,Kalo,Kalo-02,1,5,0,1,1,3,33.4,1,8,58.6,0,2025-03-20,EN03
HH00180,Coast,Luma,Luma-06,1,4,0,0,0,3,50.7,0,6,62.3,1,2025-03-01,EN04
HH00181,North,Coro,Coro-17,0,7,0,0,1,0,48.4,0,10,72.2,0,2025-03-01,EN07
HH00182,Coast,Jubo,Jubo-09,1,8,1,0,0,0,58.6,0,7,64.4,0,2025-03-20,EN16
HH00183,Central,Faro,Faro-12,0,6,1,0,0,0,32.3,1,7,89.8,0,2025-04-05,EN12
HH00184,Coast,Kalo,Kalo-09,0,2,1,0,0,2,35.8,1,6,61.6,0,2025-04-10,EN15
HH00185,South,Galo,Galo-18,0,2,0,0,0,0,29.8,1,6,69.8,0,2025-04-12,EN06
HH00186,Central,Elo,Elo-04,0,4,1,0,2,0,25.4,1,7,75.5,1,2025-04-10,EN09
HH00187,Coast,Kalo,Kalo-15,1,6,0,0,0,3,54.9,0,10,61.6,0,2025-03-26,EN13
HH00188,South,Galo,Galo-16,0,6,0,1,0,1,48.3,1,11,71.5,0,2025-03-13,EN16
HH00189,Central,Dima,Dima-10,0,5,1,1,2,1,17.0,1,11,70.7,0,2025-03-10,EN13
HH00190,North,Aru,Aru-11,0,2,0,1,0,1,29.2,1,8,68.4,0,2025-03-25,EN01
HH00191,North,Coro,Coro-17,0,9,0,0,0,0,50.2,0,9,77.3,1,2025-04-04,EN10
HH00192,Central,Faro,Faro-02,0,7,1,0,1,2,20.1,1,4,65.7,0,2025-04-07,EN14
HH00193,Central,Elo,Elo-03,0,2,0,0,0,2,59.1,0,10,79.0,0,2025-04-01,EN07
HH00194,South,Galo,Galo-16,0,4,0,1,0,1,61.7,1,12,57.2,1,2025-03-31,EN02
HH00195,Coast,Luma,Luma-11,0,6,0,0,0,2,40.9,1,9,72.1,0,2025-04-05,EN10
HH00196,Coast,Kalo,Kalo-04,1,11,1,0,1,1,38.9,1,7,81.5,1,2025-03-12,EN04
HH00197,South,Ila,Ila-08,0,4,0,0,0,0,50.0,0,7,68.1,1,2025-04-02,EN03
HH00198,South,Hima,Hima-12,0,7,1,0,0,4,25.9,1,9,75.0,1,2025-03-17,EN02
HH00199,South,Galo,Galo-02,0,3,1,0,2,3,23.7,1,10,77.4,0,2025-04-01,EN09
HH00200,Coast,Kalo,Kalo-09,1,3,0,0,2,1,36.3,1,10,57.2,0,2025-03-02,EN01
HH00201,Coast,Jubo,Jubo-04,0,6,0,1,2,0,39.7,1,7,79.6,1,2025-03-05,EN13
HH00202,Coast,Kalo,Kalo-17,0,3,0,0,2,1,39.1,1,6,66.6,1,2025-03-02,EN03
HH00203,Central,Dima,Dima-18,0,5,0,1,0,3,44.2,1,8,64.6,0,2025-03-29,EN01
HH00204,Coast,Jubo,Jubo-13,1,10,0,0,0,2,46.7,1,4,70.3,0,2025-04-01,EN15
HH00205,North,Bela,Bela-15,0,2,1,0,0,2,56.8,0,7,78.3,0,2025-03-28,EN10
HH00206,North,Coro,Coro-16,0,3,0,0,0,0,46.8,1,8,91.4,0,2025-04-06,EN11
HH00207,South,Ila,Ila-01,0,5,0,0,1,2,31.7,1,7,70.1,0,2025-03-27,EN04
HH00208,North,Aru,Aru-01,0,5,0,0,0,1,42.5,1,4,75.2,0,2025-04-02,EN02
HH00209,Central,Faro,Faro-12,0,6,1,0,0,2,55.6,0,10,65.1,0,2025-03-02,EN09
HH00210,North,Bela,Bela-16,0,5,0,0,1,0,34.5,1,7,90.5,0,2025-04-04,EN14
HH00211,Central,Dima,Dima-12,0,2,0,0,1,1,54.3,0,9,79.9,0,2025-03-27,EN08
HH00212,Central,Dima,Dima-02,0,4,0,0,0,0,46.7,1,8,71.0,1,2025-03-30,EN15
HH00213,South,Ila,Ila-02,0,1,1,0,0,1,25.9,1,6,76.0,1,2025-03-31,EN11
HH00214,Central,Dima,Dima-03,0,4,1,0,1,1,69.4,0,9,79.6,0,2025-03-16,EN10
HH00215,North,Bela,Bela-10,0,9,0,0,0,2,50.7,0,5,75.4,0,2025-03-07,EN16
HH00216,Central,Faro,Faro-02,0,5,0,0,0,1,39.6,1,6,76.5,1,2025-04-06,EN16
HH00217,North,Bela,Bela-06,0,2,1,1,0,2,69.9,1,12,65.5,1,2025-03-17,EN04
HH00218,Central,Faro,Faro-12,0,6,0,0,0,0,38.5,1,5,61.5,0,2025-03-15,EN01
HH00219,South,Galo,Galo-11,0,4,0,0,1,2,28.9,1,2,88.4,1,2025-04-07,EN05
HH00220,Coast,Kalo,Kalo-08,1,3,1,0,1,3,35.7,1,6,65.9,1,2025-03-26,EN03
HH00221,North,Bela,Bela-01,0,7,0,0,0,2,38.4,1,10,69.6,0,2025-03-27,EN11
HH00222,South,Ila,Ila-11,0,4,0,1,0,0,26.9,1,10,68.3,0,2025-03-23,EN11
HH00223,Central,Elo,Elo-01,0,6,1,0,0,0,62.3,0,8,68.6,0,2025-04-09,EN07
HH00224,South,Ila,Ila-06,0,5,1,0,0,2,47.4,1,6,69.5,1,2025-03-01,EN03
HH00225,North,Coro,Coro-10,0,3,0,0,1,0,51.3,0,6,88.2,0,2025-03-31,EN15
HH00226,Central,Faro,Faro-04,0,4,0,1,0,0,22.0,1,9,80.9,0,2025-03-02,EN16
HH00227,South,Ila,Ila-02,0,4,1,0,0,2,66.6,0,10,76.3,1,2025-03-18,EN04
HH00228,North,Coro,Coro-12,0,1,0,0,0,1,54.1,0,9,82.2,0,2025-03-29,EN11
HH00229,North,Aru,Aru-04,0,1,0,0,1,1,34.7,1,9,80.8,0,2025-03-23,EN06
HH00230,Central,Dima,Dima-06,0,8,0,0,1,0,27.8,1,8,82.8,1,2025-04-05,EN02
HH00231,Central,Faro,Faro-03,0,8,0,0,2,1,63.8,0,8,64.1,0,2025-03-31,EN08
HH00232,Coast,Jubo,Jubo-02,1,2,0,0,1,2,48.7,0,9,81.3,0,2025-04-07,EN05
HH00233,Coast,Jubo,Jubo-12,0,5,0,0,2,1,28.5,1,8,70.6,0,2025-03-15,EN06
HH00234,South,Galo,Galo-09,0,7,0,1,0,3,46.6,1,10,74.9,0,2025-04-06,EN09
HH00235,North,Bela,Bela-09,0,6,1,0,2,2,41.8,1,2,71.0,0,2025-03-19,EN09
HH00236,Coast,Jubo,Jubo-17,1,5,0,1,0,0,51.1,1,6,57.2,1,2025-03-14,EN15
HH00237,Central,Elo,Elo-07,0,2,0,0,2,2,16.5,1,7,76.8,0,2025-03-03,EN06
HH00238,South,Ila,Ila-04,0,3,1,1,0,0,24.3,1,7,69.8,0,2025-04-07,EN03
HH00239,South,Hima,Hima-07,0,5,1,0,0,3,23.8,1,7,82.3,0,2025-03-28,EN07
HH00240,Central,Elo,Elo-12,0,4,0,0,0,3,16.8,1,6,78.6,0,2025-03-09,EN07
HH00241,Coast,Luma,Luma-05,1,2,0,1,0,1,19.1,1,6,70.5,0,2025-04-11,EN11
HH00242,South,Galo,Galo-09,0,5,0,0,0,1,68.6,0,12,71.2,0,2025-03-28,EN13
HH00243,South,Galo,Galo-13,0,4,1,0,0,1,24.0,1,7,55.0,0,2025-03-13,EN01
HH00244,Central,Dima,Dima-17,0,7,0,0,0,0,32.0,1,8,89.0,0,2025-03-22,EN04
HH00245,South,Galo,Galo-13,0,5,1,0,0,1,5,1,6,90.2,1,2025-03-24,EN06
HH00246,Central,Elo,Elo-10,0,1,1,0,0,0,54.9,0,12,76.3,0,2025-04-04,EN16
HH00247,Central,Faro,Faro-01,0,7,0,0,0,1,48.3,0,9,76.6,1,2025-03-03,EN07
HH00248,Coast,Jubo,Jubo-03,0,5,0,0,1,0,57.7,0,9,72.9,0,2025-04-03,EN05
HH00249,South,Ila,Ila-12,0,2,0,0,2,0,81.0,0,8,65.9,0,2025-03-27,EN04
HH00250,Central,Faro,Faro-14,0,5,0,0,2,1,53.1,0,8,57.3,1,2025-03-23,EN03
HH00251,Central,Faro,Faro-10,0,2,1,0,0,0,58.2,0,8,75.4,0,2025-04-05,EN16
HH00252,Central,Dima,Dima-11,0,3,0,0,1,2,86.2,0,10,71.0,0,2025-04-09,EN05
HH00253,Coast,Kalo,Kalo-16,0,4,0,0,1,2,57.3,0,6,62.2,0,2025-03-07,EN02
HH00254,Central,Elo,Elo-05,0,6,0,1,0,0,44.1,1,11,69.5,0,2025-04-12,EN05
HH00255,North,Coro,Coro-12,0,6,1,0,1,0,42.2,1,7,80.7,1,2025-03-09,EN04
HH00256,North,Bela,Bela-12,0,8,0,1,3,1,10.7,1,11,78.6,0,2025-03-29,EN08
HH00257,Coast,Kalo,Kalo-04,0,6,0,0,0,1,56.7,0,11,62.6,1,2025-03-01,EN14
HH00258,Central,Elo,Elo-07,0,4,0,0,0,1,47.6,1,7,65.8,1,2025-03-02,EN08
HH00259,Central,Dima,Dima-13,0,4,0,0,0,2,15.4,1,3,78.1,1,2025-03-17,EN01
HH00260,South,Galo,Galo-16,0,2,0,0,2,2,46.6,1,8,79.4,0,2025-03-15,EN06
HH00261,North,Bela,Bela-10,0,6,1,0,1,3,18.4,1,7,73.1,0,2025-03-26,EN11
HH00262,Central,Elo,Elo-14,0,6,0,0,2,1,54.7,0,9,77.0,0,2025-03-31,EN03
HH00263,Central,Dima,Dima-07,0,5,0,0,0,0,75.6,0,7,70.7,0,2025-03-28,EN13
HH00264,North,Coro,Coro-01,0,2,0,0,2,2,62.9,0,12,90.0,0,2025-03-18,EN15
HH00265,North,Bela,Bela-05,0,3,1,1,1,0,50.8,1,11,77.9,1,2025-03-14,EN08
HH00266,South,Ila,Ila-14,0,7,1,1,0,1,36.7,1,10,80.9,0,2025-04-10,EN11
HH00267,South,Galo,Galo-03,0,5,0,0,1,2,14.8,1,8,72.9,1,2025-03-14,EN12
HH00268,Coast,Jubo,Jubo-14,0,5,1,0,0,1,10.0,1,9,89.5,0,2025-03-09,EN05
HH00269,Coast,Jubo,Jubo-04,1,8,0,0,0,4,73.6,0,8,57.9,0,2025-03-14,EN16
HH00270,North,Coro,Coro-07,0,6,1,0,0,1,23.9,1,5,73.6,0,2025-03-04,EN12
HH00271,Central,Dima,Dima-07,0,8,0,0,0,1,44.4,1,4,64.6,1,2025-03-25,EN01
HH00272,North,Bela,Bela-04,0,1,1,1,1,1,34.1,1,4,62.1,0,2025-03-18,EN09
HH00273,North,Aru,Aru-07,0,7,1,0,1,1,42.1,1,11,68.6,0,2025-03-07,EN08
HH00274,Coast,Kalo,Kalo-13,1,5,0,1,0,3,10.5,1,3,61.0,1,2025-03-28,EN07
HH00275,South,Galo,Galo-09,0,8,1,0,0,0,43.4,1,12,74.5,1,2025-04-05,EN07
HH00276,Coast,Jubo,Jubo-10,1,4,0,0,2,0,31.1,1,5,89.0,0,2025-04-10,EN03
HH00277,North,Coro,Coro-09,0,5,0,0,2,1,38.7,1,8,85.9,1,2025-03-28,EN08
HH00278,Central,Elo,Elo-10,0,10,0,0,1,1,53.6,0,7,77.0,0,2025-03-27,EN12
HH00279,Coast,Kalo,Kalo-04,0,6,1,0,1,0,16.8,1,6,75.6,0,2025-04-11,EN07
HH00280,North,Bela,Bela-06,0,2,1,0,1,0,56.3,0,9,79.6,0,2025-03-04,EN07
HH00281,Central,Dima,Dima-05,0,3,0,0,0,0,52.1,0,10,77.1,0,2025-03-29,EN06
HH00282,South,Galo,Galo-13,0,10,0,0,0,0,41.7,1,5,55.8,1,2025-03-28,EN10
HH00283,Central,Dima,Dima-16,0,5,0,0,0,1,28.3,1,8,60.5,1,2025-03-28,EN11
HH00284,Coast,Kalo,Kalo-14,0,1,0,0,1,1,76.3,0,12,80.1,1,2025-04-08,EN13
HH00285,Central,Dima,Dima-15,0,5,0,0,0,2,48.2,0,9,64.7,0,2025-03-26,EN02
HH00286,Central,Elo,Elo-04,0,3,1,0,1,1,40.8,1,8,72.3,1,2025-03-05,EN06
HH00287,North,Bela,Bela-11,0,6,1,0,0,2,25.2,1,8,95.5,0,2025-03-24,EN05
HH00288,South,Galo,Galo-04,0,6,0,0,2,0,43.4,1,10,76.9,1,2025-03-31,EN13
HH00289,South,Ila,Ila-15,0,2,0,0,1,1,40.7,1,9,79.8,0,2025-04-03,EN04
HH00290,South,Galo,Galo-14,0,3,1,0,1,2,37.2,1,9,76.3,0,2025-03-02,EN08
HH00291,North,Aru,Aru-08,0,7,1,0,0,2,44.7,1,6,82.1,0,2025-03-12,EN03
HH00292,North,Coro,Coro-12,0,8,0,0,0,2,42.8,1,9,50.5,0,2025-04-12,EN01
HH00293,Central,Elo,Elo-16,0,6,1,0,0,4,49.7,0,7,70.4,1,2025-04-09,EN09
HH00294,Central,Faro,Faro-18,0,6,0,0,0,0,70.3,0,12,74.2,0,2025-03-28,EN16
HH00295,North,Coro,Coro-12,0,6,1,1,0,2,30.1,1,6,67.3,1,2025-04-12,EN12
HH00296,North,Bela,Bela-07,0,4,1,0,1,0,60.6,0,7,61.2,0,2025-03-10,EN03
HH00297,Coast,Kalo,Kalo-09,1,3,0,0,0,2,69.2,0,12,64.5,0,2025-03-06,EN12
HH00298,Central,Elo,Elo-18,0,6,1,0,1,1,31.3,1,7,72.7,0,2025-04-11,EN13
HH00299,Central,Faro,Faro-08,0,7,0,0,0,2,50.2,0,7,72.4,1,2025-04-06,EN14
HH00300,North,Bela,Bela-11,0,6,1,0,1,2,38.4,1,9,63.1,0,2025-04-07,EN15
HH00301,South,Galo,Galo-17,0,5,0,0,0,3,28.0,1,7,79.3,1,2025-03-05,EN04
HH00302,South,Ila,Ila-16,0,4,0,1,0,0,67.0,1,9,67.3,1,2025-03-19,EN11
HH00303,Central,Faro,Faro-04,0,2,0,0,2,2,60.4,0,10,63.4,0,2025-03-03,EN07
HH00304,South,Galo,Galo-15,0,5,0,0,2,1,21.5,1,7,66.8,0,2025-03-04,EN15
HH00305,Coast,Jubo,Jubo-08,0,28,1,0,0,5,37.3,1,5,63.6,0,2025-03-30,EN08
HH00306,South,Hima,Hima-17,0,4,1,1,0,0,24.5,1,7,84.4,1,2025-04-12,EN14
HH00307,Coast,Jubo,Jubo-07,1,2,1,0,0,0,49.0,0,9,79.0,0,2025-04-05,EN10
HH00308,Coast,Luma,Luma-07,0,5,1,0,0,2,34.6,1,9,63.0,0,2025-03-19,EN04
HH00309,Central,Dima,Dima-05,0,3,0,0,1,0,,0,5,92.1,0,2025-03-28,EN11
HH00310,North,Coro,Coro-03,0,4,0,0,1,1,10.0,1,8,67.4,0,2025-04-08,EN14
HH00311,Coast,Kalo,Kalo-18,0,5,0,0,0,2,55.2,0,5,69.2,0,2025-03-12,EN09
HH00312,South,Galo,Galo-08,0,5,0,0,0,2,50.6,0,9,80.4,0,2025-04-05,EN03
HH00313,Central,Faro,Faro-11,0,4,0,0,1,2,43.9,1,12,61.4,0,2025-03-01,EN06
HH00314,North,Coro,Coro-16,0,7,1,0,1,1,36.2,1,4,79.4,0,2025-03-16,EN13
HH00315,North,Aru,Aru-07,0,4,1,1,0,2,55.3,1,9,50.2,1,2025-03-13,EN04
HH00316,Coast,Kalo,Kalo-07,1,3,1,0,2,1,47.8,1,9,74.3,0,2025-03-13,EN12
HH00317,North,Aru,Aru-18,0,3,1,0,0,1,,1,9,89.5,0,2025-03-09,EN11
HH00318,South,Hima,Hima-10,0,5,1,0,0,0,25.9,1,9,81.8,0,2025-03-30,EN02
HH00319,North,Coro,Coro-15,0,5,0,0,1,2,48.2,0,9,76.1,1,2025-03-26,EN02
HH00320,Coast,Luma,Luma-01,1,5,0,0,0,3,41.9,1,9,68.5,0,2025-03-20,EN10
HH00321,Central,Faro,Faro-18,0,7,0,1,0,2,63.6,1,7,63.4,0,2025-03-25,EN16
HH00322,South,Hima,Hima-07,0,4,1,0,0,0,70.2,0,11,53.9,0,2025-03-10,EN09
HH00323,Coast,Kalo,Kalo-10,1,1,0,0,1,0,7.0,1,8,90.2,0,2025-03-21,EN11
HH00324,North,Aru,Aru-01,0,11,1,0,2,1,38.1,1,9,71.9,1,2025-03-08,EN05
HH00325,Coast,Kalo,Kalo-01,1,5,0,0,0,0,48.7,0,10,73.5,0,2025-03-07,EN14
HH00326,Coast,Jubo,Jubo-07,1,5,1,0,1,3,60.5,0,11,85.7,1,2025-03-03,EN02
HH00327,North,Aru,Aru-07,0,7,1,0,0,0,24.7,1,6,86.6,0,2025-03-06,EN14
HH00328,South,Hima,Hima-12,0,6,0,0,2,1,34.7,1,7,77.9,1,2025-03-31,EN01
HH00329,South,Galo,Galo-16,0,5,0,0,0,0,29.2,1,6,89.0,0,2025-03-31,EN16
HH00330,North,Coro,Coro-13,0,3,0,0,3,3,74.7,0,12,70.8,1,2025-03-20,EN10
HH00331,South,Galo,Galo-11,0,6,0,0,0,1,29.7,1,11,72.2,0,2025-04-02,EN12
HH00332,North,Aru,Aru-10,0,4,0,0,1,3,32.8,1,7,76.7,1,2025-04-12,EN08
HH00333,South,Galo,Galo-03,0,5,0,0,0,3,35.3,1,8,75.3,0,2025-04-07,EN03
HH00334,South,Galo,Galo-14,0,8,0,0,0,1,36.0,1,10,75.1,0,2025-03-12,EN14
HH00335,Coast,Kalo,Kalo-17,0,6,1,0,0,2,53.3,0,9,92.7,1,2025-04-11,EN04
HH00336,Coast,Jubo,Jubo-05,1,4,1,0,0,0,34.8,1,8,70.6,1,2025-03-29,EN11
HH00337,North,Bela,Bela-12,0,2,0,0,1,2,63.3,0,12,56.3,1,2025-03-17,EN16
HH00338,South,Hima,Hima-09,0,6,1,1,1,1,38.9,1,8,78.1,0,2025-03-15,EN02
HH00339,Coast,Kalo,Kalo-05,0,4,0,0,0,1,63.9,0,12,73.9,1,2025-03-21,EN08
HH00340,South,Ila,Ila-11,0,4,0,0,1,3,40.3,1,8,78.0,1,2025-03-23,EN03
HH00341,Central,Elo,Elo-04,0,3,0,0,0,2,41.9,1,10,70.9,0,2025-03-14,EN14
HH00342,Coast,Kalo,Kalo-13,1,4,0,1,1,1,62.7,1,6,55.5,1,2025-03-03,EN15
HH00343,South,Hima,Hima-03,0,6,0,0,3,0,51.3,0,12,66.3,1,2025-03-22,EN08
HH00344,Central,Faro,Faro-12,0,2,0,0,0,0,44.1,1,10,62.3,1,2025-03-03,EN02
HH00345,North,Coro,Coro-04,0,7,0,0,1,4,48.7,0,9,64.6,0,2025-03-14,EN11
HH00346,Coast,Luma,Luma-02,1,3,1,0,0,2,43.2,1,10,65.8,0,2025-03-14,EN09
HH00347,Central,Elo,Elo-08,0,6,0,1,1,1,13.8,1,7,74.2,0,2025-03-12,EN05
HH00348,Central,Dima,Dima-01,0,10,0,0,1,2,29.5,1,7,66.8,0,2025-03-14,EN10
HH00349,Coast,Luma,Luma-02,1,3,1,1,2,0,15.4,1,5,84.5,1,2025-04-11,EN06
HH00350,Coast,Luma,Luma-18,1,4,0,0,1,2,78.7,0,12,59.0,0,2025-04-11,EN16
HH00351,Central,Faro,Faro-06,0,8,0,0,2,0,75.8,0,12,63.6,0,2025-03-31,EN07
HH00352,Central,Elo,Elo-17,0,3,0,0,0,0,36.8,1,5,93.1,0,2025-03-02,EN01
HH00353,Coast,Kalo,Kalo-04,0,5,1,1,1,3,33.1,1,8,80.0,1,2025-03-11,EN16
HH00354,Central,Elo,Elo-08,0,4,0,0,0,3,62.4,0,7,59.6,0,2025-03-10,EN16
HH00355,South,Hima,Hima-11,0,4,0,1,1,4,28.9,1,9,96.7,0,2025-03-24,EN10
HH00356,South,Ila,Ila-16,0,5,1,0,1,0,40.3,1,12,82.3,0,2025-03-16,EN11
HH00357,South,Ila,Ila-15,0,9,0,0,1,2,28.9,1,7,67.8,1,2025-03-08,EN03
HH00358,South,Galo,Galo-08,0,6,0,0,2,1,50.2,0,6,82.1,0,2025-03-12,EN12
HH00359,North,Coro,Coro-04,0,5,0,0,1,1,60.9,0,8,61.0,1,2025-03-05,EN14
HH00360,Central,Faro,Faro-09,0,1,0,1,1,1,18.5,1,7,65.3,0,2025-04-12,EN13
HH00361,North,Coro,Coro-06,0,3,0,0,1,2,28.9,1,4,77.6,0,2025-03-17,EN16
HH00362,North,Aru,Aru-17,0,5,1,0,0,1,29.0,1,5,72.0,0,2025-04-10,EN16
HH00363,Coast,Luma,Luma-07,0,5,0,0,1,1,31.9,1,7,85.4,0,2025-03-28,EN16
HH00364,North,Coro,Coro-18,0,5,1,0,1,1,18.9,1,8,71.9,0,2025-03-20,EN12
HH00365,South,Hima,Hima-14,0,7,0,0,0,0,22.9,1,2,59.3,1,2025-03-25,EN13
HH00366,Coast,Jubo,Jubo-07,1,1,0,0,1,1,55.2,0,9,75.0,1,2025-03-21,EN05
HH00367,South,Galo,Galo-18,0,6,1,1,0,2,76.5,1,11,84.7,0,2025-03-16,EN04
HH00368,Central,Elo,Elo-05,0,7,0,1,1,0,11.2,1,6,78.9,0,2025-04-02,EN12
HH00369,South,Galo,Galo-11,0,1,1,0,0,0,55.6,0,7,81.1,0,2025-03-30,EN07
HH00370,South,Ila,Ila-16,0,4,1,0,0,1,46.5,1,6,67.0,1,2025-03-10,EN11
HH00371,South,Ila,Ila-15,0,1,0,0,0,0,39.6,1,5,59.0,1,2025-03-16,EN04
HH00372,Central,Dima,Dima-09,0,1,0,0,0,1,58.3,0,12,61.9,0,2025-03-09,EN02
HH00373,Central,Faro,Faro-10,0,7,0,0,0,0,61.4,0,10,83.5,1,2025-03-05,EN15
HH00374,Central,Dima,Dima-06,0,1,0,1,0,0,61.1,1,12,61.2,1,2025-03-04,EN14
HH00375,Coast,Kalo,Kalo-14,1,5,1,1,2,2,46.6,1,12,55.5,1,2025-03-30,EN14
HH00376,North,Coro,Coro-08,0,6,0,0,1,0,84.4,0,10,80.8,0,2025-03-16,EN16
HH00377,North,Aru,Aru-14,0,6,0,1,0,0,41.7,1,11,84.6,1,2025-03-26,EN06
HH00378,Central,Dima,Dima-12,0,5,0,1,1,1,42.7,1,8,71.3,1,2025-03-01,EN11
HH00379,South,Galo,Galo-02,0,6,0,0,0,0,25.0,1,8,77.8,0,2025-03-25,EN12
HH00380,South,Ila,Ila-18,0,5,0,0,1,0,56.2,0,11,76.9,0,2025-04-05,EN11
HH00381,Central,Faro,Faro-06,0,8,0,1,1,1,38.8,1,7,82.2,1,2025-03-11,EN06
HH00382,North,Aru,Aru-01,0,7,0,1,1,2,26.5,1,10,80.3,1,2025-04-01,EN12
HH00383,South,Hima,Hima-01,0,2,0,1,2,1,28.4,1,10,73.8,0,2025-04-02,EN12
HH00384,Central,Dima,Dima-03,0,5,1,1,1,1,28.0,1,11,84.3,1,2025-03-07,EN01
HH00385,Coast,Jubo,Jubo-02,0,4,0,0,2,2,58.9,0,6,74.2,1,2025-03-04,EN04
HH00386,North,Bela,Bela-08,0,1,0,0,1,1,32.0,1,9,68.5,0,2025-03-02,EN05
HH00387,Central,Dima,Dima-09,0,4,0,1,0,0,55.5,1,8,65.6,1,2025-04-03,EN03
HH00388,South,Ila,Ila-09,0,5,1,1,0,0,37.4,1,6,76.7,0,2025-03-06,EN11
HH00389,Coast,Jubo,Jubo-15,1,4,0,0,0,0,48.0,1,12,66.9,1,2025-03-07,EN13
HH00390,Central,Dima,Dima-17,0,1,1,0,1,1,50.4,0,7,78.2,0,2025-03-12,EN09
HH00391,North,Coro,Coro-14,0,3,1,0,0,0,25.5,1,9,89.6,1,2025-03-07,EN16
HH00392,Central,Faro,Faro-16,0,5,1,0,1,2,40.3,1,9,73.0,0,2025-03-18,EN02
HH00393,North,Coro,Coro-03,0,8,0,0,0,3,71.7,0,11,54.4,1,2025-03-19,EN08
HH00394,South,Hima,Hima-17,0,6,0,1,0,0,44.4,1,12,80.6,1,2025-03-01,EN02
HH00395,Central,Faro,Faro-02,0,6,0,0,0,1,36.1,1,8,89.8,1,2025-03-12,EN02
HH00396,South,Ila,Ila-13,0,2,1,0,1,2,24.5,1,12,68.6,0,2025-04-09,EN11
HH00397,North,Coro,Coro-04,0,7,1,0,2,1,5,1,8,75.3,0,2025-03-01,EN11
HH00398,Coast,Jubo,Jubo-02,0,4,0,0,0,1,54.3,0,8,55.9,1,2025-03-13,EN03
HH00399,Coast,Kalo,Kalo-08,1,6,0,0,3,4,32.8,1,8,70.5,1,2025-03-06,EN10
HH00400,North,Aru,Aru-14,0,10,0,1,1,1,69.0,1,8,63.6,1,2025-04-07,EN11
HH00401,North,Bela,Bela-10,0,6,0,0,1,2,55.3,0,10,93.1,0,2025-03-18,EN11
HH00402,North,Coro,Coro-08,0,1,0,0,1,1,44.6,1,9,84.6,1,2025-03-10,EN14
HH00403,South,Hima,Hima-02,0,8,0,0,2,1,47.9,1,10,76.0,0,2025-03-07,EN01
HH00404,Coast,Luma,Luma-01,0,5,0,0,1,3,17.7,1,7,88.3,1,2025-03-06,EN12
HH00405,Coast,Jubo,Jubo-08,0,3,0,0,1,1,36.0,1,9,83.6,0,2025-04-09,EN15
HH00406,South,Hima,Hima-16,0,4,1,0,2,1,,1,11,79.4,0,2025-04-06,EN11
HH00407,Central,Faro,Faro-16,0,4,1,0,1,2,69.8,0,7,69.5,1,2025-03-16,EN10
HH00408,Central,Faro,Faro-18,0,7,0,1,0,2,54.9,1,6,70.4,1,2025-03-18,EN06
HH00409,Coast,Jubo,Jubo-07,0,6,0,0,2,3,52.5,0,11,62.6,0,2025-03-26,EN08
HH00410,Coast,Jubo,Jubo-15,1,3,1,1,0,3,41.0,1,12,76.5,0,2025-04-04,EN04
HH00411,Central,Faro,Faro-03,0,6,0,0,3,1,8.2,1,6,71.7,0,2025-03-06,EN04
HH00412,Coast,Kalo,Kalo-11,1,4,1,1,0,0,39.6,1,7,69.6,0,2025-03-28,EN07
HH00413,Central,Elo,Elo-13,0,5,1,0,0,2,40.5,1,7,68.4,1,2025-03-05,EN13
HH00414,Central,Elo,Elo-15,0,5,0,0,1,0,48.4,0,7,87.2,0,2025-03-07,EN12
HH00415,Coast,Jubo,Jubo-05,1,2,0,0,2,2,37.6,1,7,78.2,0,2025-04-07,EN04
HH00416,Coast,Kalo,Kalo-11,1,6,0,1,0,2,29.7,1,6,64.1,0,2025-03-18,EN13
HH00417,Central,Faro,Faro-05,0,2,1,0,0,0,47.6,1,5,80.2,0,2025-03-15,EN06
HH00418,South,Galo,Galo-15,0,7,1,0,0,0,7.8,1,3,86.9,1,2025-04-01,EN06
HH00419,Central,Elo,Elo-09,0,4,1,0,1,2,56.6,0,9,73.7,1,2025-03-29,EN16
HH00420,North,Coro,Coro-16,0,3,0,1,1,1,47.8,1,11,83.4,1,2025-03-12,EN16
HH00421,South,Ila,Ila-02,0,4,1,1,1,4,16.1,1,8,71.8,1,2025-03-12,EN11
HH00422,Coast,Luma,Luma-09,1,4,1,1,0,2,14.8,1,5,57.6,0,2025-03-03,EN07
HH00423,North,Aru,Aru-17,0,7,1,0,0,2,75.3,0,12,66.6,0,2025-04-04,EN05
HH00424,Coast,Kalo,Kalo-11,0,3,0,0,0,1,45.4,1,10,74.4,0,2025-04-10,EN07
HH00425,Central,Dima,Dima-03,0,3,0,1,1,0,25.4,1,6,88.6,1,2025-04-04,EN13
HH00426,South,Ila,Ila-03,0,5,1,0,0,4,37.8,1,7,63.1,0,2025-03-13,EN11
HH00427,South,Hima,Hima-07,0,6,1,1,1,2,,1,9,80.4,0,2025-03-17,EN11
HH00428,North,Aru,Aru-08,0,5,0,0,0,3,5,1,10,70.3,1,2025-03-02,EN10
HH00429,Central,Elo,Elo-17,0,5,0,1,1,2,33.1,1,8,63.1,0,2025-03-05,EN03
HH00430,Coast,Luma,Luma-16,0,3,1,0,1,2,19.2,1,8,75.8,0,2025-04-06,EN06
HH00431,Coast,Luma,Luma-03,0,3,0,0,2,3,62.5,0,9,78.8,0,2025-04-12,EN16
HH00432,Coast,Kalo,Kalo-13,1,5,1,0,2,1,53.3,0,10,73.9,0,2025-03-16,EN01
HH00433,Central,Dima,Dima-09,0,2,0,0,0,1,48.1,0,9,69.3,1,2025-03-11,EN11
HH00434,South,Galo,Galo-06,0,4,1,0,2,2,68.8,0,12,64.9,0,2025-03-18,EN05
HH00435,North,Bela,Bela-05,0,6,0,0,2,2,41.5,1,7,67.6,1,2025-03-18,EN13
HH00436,South,Ila,Ila-18,0,5,0,0,0,1,42.8,1,9,81.3,0,2025-03-27,EN03
HH00437,Central,Elo,Elo-14,0,6,0,0,0,2,63.0,0,5,78.7,1,2025-03-31,EN03
HH00438,North,Bela,Bela-02,0,5,0,0,3,2,41.1,1,3,67.3,1,2025-03-11,EN11
HH00439,Coast,Luma,Luma-11,1,5,1,0,0,0,33.0,1,7,67.0,0,2025-03-18,EN06
HH00440,Coast,Luma,Luma-18,1,3,1,0,0,0,13.2,1,6,67.4,0,2025-03-12,EN10
HH00441,Central,Faro,Faro-12,0,3,0,0,0,2,69.3,0,10,83.7,0,2025-03-15,EN10
HH00442,South,Hima,Hima-07,0,8,0,0,1,1,52.0,0,8,67.5,1,2025-03-01,EN16
HH00443,North,Coro,Coro-03,0,4,1,0,0,2,23.3,1,7,79.2,1,2025-04-06,EN15
HH00444,South,Hima,Hima-10,0,7,1,0,0,0,75.0,0,7,70.5,0,2025-04-12,EN10
HH00445,South,Hima,Hima-12,0,3,1,1,3,0,10.0,1,4,72.4,0,2025-03-26,EN03
HH00446,Central,Dima,Dima-12,0,6,1,0,2,0,66.5,0,12,80.0,1,2025-03-24,EN11
HH00447,Central,Dima,Dima-09,0,5,0,0,2,1,40.2,1,12,88.0,0,2025-03-11,EN07
HH00448,North,Coro,Coro-16,0,4,1,0,0,2,62.1,0,8,71.5,0,2025-03-28,EN07
HH00449,South,Galo,Galo-12,0,5,1,0,1,2,55.5,0,6,64.9,0,2025-03-20,EN10
HH00450,Central,Dima,Dima-18,0,4,1,0,2,1,48.9,0,12,65.9,1,2025-04-05,EN06
HH00451,Central,Elo,Elo-18,0,9,0,0,1,3,22.6,1,9,72.2,1,2025-03-15,EN16
HH00452,Central,Faro,Faro-02,0,6,0,0,1,2,28.3,1,7,66.9,0,2025-03-25,EN01
HH00453,North,Bela,Bela-08,0,3,0,0,1,0,63.3,0,11,65.2,1,2025-03-06,EN08
HH00454,South,Galo,Galo-18,0,3,0,0,0,2,56.3,0,9,66.6,1,2025-04-01,EN02
HH00455,North,Aru,Aru-10,0,5,0,0,1,1,35.4,1,8,83.2,0,2025-03-10,EN05
HH00456,South,Galo,Galo-14,0,6,0,0,0,1,49.2,0,8,66.8,1,2025-03-24,EN15
HH00457,Central,Dima,Dima-06,0,6,0,0,1,1,41.3,1,10,80.6,0,2025-03-12,EN07
HH00458,Central,Elo,Elo-15,0,5,1,0,1,0,34.1,1,5,64.0,0,2025-03-08,EN05
HH00459,Coast,Luma,Luma-03,1,3,0,0,0,3,59.4,0,12,93.4,0,2025-03-25,EN08
HH00460,Coast,Jubo,Jubo-15,1,1,1,0,1,1,73.6,0,12,77.3,0,2025-03-19,EN02
HH00461,South,Galo,Galo-15,0,5,0,0,2,0,45.9,1,6,77.9,1,2025-03-17,EN03
HH00462,South,Ila,Ila-09,0,7,0,0,2,1,45.7,1,7,42.0,0,2025-04-09,EN03
HH00463,North,Aru,Aru-03,0,4,1,1,0,1,59.0,1,11,63.6,0,2025-04-04,EN04
HH00464,North,Coro,Coro-13,0,5,0,1,0,3,5.6,1,9,88.6,0,2025-03-24,EN16
HH00465,Coast,Jubo,Jubo-05,0,5,0,1,0,3,27.3,1,8,86.2,0,2025-03-12,EN04
HH00466,Coast,Luma,Luma-02,1,5,1,0,1,2,24.9,1,9,73.0,1,2025-03-08,EN16
HH00467,North,Bela,Bela-10,0,4,0,0,1,3,44.2,1,6,65.0,0,2025-03-04,EN15
HH00468,South,Galo,Galo-08,0,4,0,0,1,0,38.8,1,8,82.7,1,2025-03-20,EN07
HH00469,Coast,Jubo,Jubo-16,1,4,0,0,2,1,39.9,1,7,85.1,0,2025-03-29,EN01
HH00470,South,Ila,Ila-16,0,5,1,0,0,1,53.1,0,9,70.5,1,2025-03-30,EN03
HH00471,Central,Faro,Faro-18,0,4,0,0,0,2,38.9,1,10,82.6,1,2025-04-02,EN09
HH00472,Central,Elo,Elo-15,0,7,0,0,1,1,34.0,1,12,82.1,0,2025-04-08,EN01
HH00473,Central,Faro,Faro-15,0,2,0,1,2,1,85.9,1,11,75.1,0,2025-03-24,EN08
HH00474,Coast,Luma,Luma-03,0,5,0,0,0,4,39.6,1,8,68.3,0,2025-03-26,EN08
HH00475,North,Bela,Bela-02,0,2,0,0,1,1,19.8,1,6,80.6,1,2025-03-02,EN16
HH00476,Coast,Kalo,Kalo-01,1,3,0,0,2,2,26.0,1,8,76.4,1,2025-03-23,EN01
HH00477,North,Bela,Bela-15,0,3,1,0,0,0,71.6,0,12,68.6,1,2025-03-25,EN16
HH00478,Central,Faro,Faro-08,0,5,0,0,0,0,23.8,1,6,83.0,1,2025-04-08,EN08
HH00479,North,Aru,Aru-01,0,8,0,0,1,2,39.3,1,9,89.2,0,2025-03-20,EN07
HH00480,South,Galo,Galo-16,0,3,0,0,0,0,44.7,1,11,71.1,0,2025-03-07,EN16
HH00481,South,Galo,Galo-06,0,8,0,0,1,2,52.9,0,9,73.6,1,2025-04-11,EN08
HH00482,Central,Elo,Elo-02,0,5,0,0,0,2,31.5,1,7,70.4,0,2025-03-28,EN15
HH00483,Central,Faro,Faro-08,0,7,0,0,0,2,73.2,0,9,58.7,0,2025-03-20,EN10
HH00484,North,Coro,Coro-11,0,8,0,0,2,1,17.2,1,8,58.8,0,2025-04-10,EN08
HH00485,Central,Faro,Faro-12,0,5,0,0,1,0,47.2,1,6,89.8,1,2025-03-22,EN07
HH00486,Coast,Jubo,Jubo-04,0,7,1,0,0,0,52.1,0,8,85.0,0,2025-04-03,EN11
HH00487,North,Coro,Coro-18,0,7,0,0,0,2,35.7,1,8,84.8,0,2025-04-06,EN02
HH00488,Coast,Luma,Luma-10,1,6,0,0,1,1,28.3,1,5,81.9,0,2025-04-01,EN01
HH00489,North,Bela,Bela-04,0,5,0,0,1,1,5,1,5,73.9,0,2025-03-08,EN04
HH00490,South,Ila,Ila-01,0,5,0,0,3,2,17.7,1,8,91.9,1,2025-03-25,EN03
HH00491,North,Coro,Coro-17,0,5,1,0,1,2,22.2,1,10,79.8,0,2025-03-02,EN04
HH00492,Coast,Kalo,Kalo-15,0,2,0,0,0,2,67.6,0,11,64.4,0,2025-04-03,EN13
HH00493,South,Ila,Ila-01,0,5,1,0,0,0,29.4,1,8,55.0,1,2025-03-11,EN04
HH00494,South,Galo,Galo-09,0,1,0,0,0,1,33.9,1,6,69.4,0,2025-03-06,EN12
HH00495,South,Galo,Galo-17,0,5,0,0,0,1,74.2,0,11,68.9,0,2025-03-09,EN16
HH00496,Coast,Jubo,Jubo-16,0,1,0,0,1,1,19.1,1,6,71.9,1,2025-03-15,EN14
HH00497,South,Ila,Ila-04,0,2,0,0,0,2,46.1,1,10,68.4,0,2025-03-03,EN04
HH00498,Central,Elo,Elo-12,0,6,0,1,0,0,30.3,1,6,66.8,0,2025-03-22,EN02
HH00499,Coast,Kalo,Kalo-03,0,1,0,0,0,1,42.9,1,7,86.4,0,2025-03-24,EN11
HH00500,North,Bela,Bela-12,0,6,0,0,1,1,20.4,1,7,70.3,0,2025-03-01,EN15
HH00501,Central,Faro,Faro-12,0,4,0,0,1,2,56.4,0,8,71.9,0,2025-04-02,EN10
HH00502,North,Aru,Aru-02,0,9,1,1,1,0,23.8,1,8,75.5,0,2025-03-02,EN14
HH00503,Coast,Kalo,Kalo-05,0,4,0,1,0,0,41.9,1,7,69.1,1,2025-03-05,EN15
HH00504,Central,Faro,Faro-08,0,3,0,0,0,1,28.5,1,12,79.8,0,2025-03-23,EN16
HH00505,South,Galo,Galo-05,0,6,1,1,0,3,33.3,1,8,73.5,0,2025-03-19,EN01
HH00506,North,Bela,Bela-09,0,9,1,0,1,2,37.9,1,5,84.9,0,2025-03-31,EN16
HH00507,North,Aru,Aru-13,0,10,0,1,0,3,5,1,7,86.6,0,2025-03-01,EN01
HH00508,Central,Faro,Faro-12,0,1,1,0,0,1,68.2,0,7,73.1,0,2025-04-01,EN12
HH00509,North,Bela,Bela-12,0,3,1,0,0,1,42.4,1,9,79.9,0,2025-03-27,EN11
HH00510,North,Coro,Coro-10,0,7,1,1,2,1,13.0,1,6,81.1,0,2025-04-06,EN08
HH00511,Central,Faro,Faro-06,0,6,1,0,0,1,,1,7,76.6,0,2025-03-03,EN11
HH00512,South,Hima,Hima-18,0,1,1,0,1,0,5.7,1,7,76.3,1,2025-03-19,EN06
HH00513,Coast,Luma,Luma-06,0,5,1,0,0,1,73.4,0,7,79.5,0,2025-03-11,EN10
HH00514,Central,Elo,Elo-04,0,1,0,1,1,1,51.4,1,9,87.9,1,2025-04-06,EN16
HH00515,Coast,Kalo,Kalo-17,0,7,1,0,1,1,19.2,1,7,63.4,0,2025-03-15,EN15
HH00516,North,Aru,Aru-08,0,6,1,0,1,0,31.4,1,5,77.3,1,2025-04-03,EN15
HH00517,Coast,Jubo,Jubo-15,0,5,1,1,1,1,14.7,1,7,66.9,0,2025-04-06,EN01
HH00518,North,Bela,Bela-08,0,8,1,0,0,1,9.4,1,7,88.2,0,2025-04-02,EN10
HH00519,South,Hima,Hima-01,0,3,0,0,1,2,39.6,1,10,81.7,0,2025-03-12,EN12
HH00520,Coast,Luma,Luma-02,1,2,0,0,0,2,33.1,1,5,66.8,0,2025-03-13,EN09
HH00521,North,Aru,Aru-18,0,6,0,0,3,1,30.7,1,8,77.9,1,2025-03-31,EN02
HH00522,North,Coro,Coro-07,0,4,0,0,1,0,54.0,0,7,54.9,1,2025-04-06,EN07
HH00523,North,Coro,Coro-17,0,7,0,1,2,0,42.8,1,7,56.6,0,2025-04-01,EN02
HH00524,Coast,Kalo,Kalo-11,1,3,1,0,1,2,39.1,1,6,69.2,0,2025-03-31,EN15
HH00525,South,Galo,Galo-18,0,6,1,0,1,1,30.2,1,5,76.5,0,2025-03-22,EN13
HH00526,South,Galo,Galo-13,0,6,0,0,1,1,49.8,0,7,65.0,0,2025-03-06,EN02
HH00527,North,Aru,Aru-07,0,4,0,0,2,0,85.8,0,9,62.7,0,2025-04-01,EN05
HH00528,North,Aru,Aru-05,0,5,1,0,0,2,18.8,1,7,85.9,1,2025-04-08,EN09
HH00529,South,Ila,Ila-07,0,4,1,0,1,2,15.1,1,4,88.1,1,2025-03-18,EN03
HH00530,Coast,Luma,Luma-08,1,5,1,0,1,0,9.2,1,7,56.4,1,2025-03-26,EN01
HH00531,Coast,Kalo,Kalo-02,1,5,1,0,0,5,25.5,1,4,72.8,0,2025-03-21,EN16
HH00532,South,Hima,Hima-10,0,4,1,0,1,0,60.5,0,11,71.6,0,2025-03-27,EN06
HH00533,South,Hima,Hima-09,0,6,0,0,0,0,28.1,1,9,72.3,0,2025-03-06,EN05
HH00534,Coast,Jubo,Jubo-11,0,4,0,1,0,0,42.7,1,7,77.6,1,2025-04-09,EN08
HH00535,Central,Dima,Dima-04,0,4,0,0,0,1,43.1,1,10,66.5,1,2025-03-10,EN02
HH00536,Coast,Jubo,Jubo-11,0,4,0,0,0,0,54.1,0,10,84.7,0,2025-03-17,EN12
HH00537,North,Aru,Aru-08,0,3,1,0,1,3,30.8,1,5,78.0,0,2025-04-11,EN03
HH00538,South,Ila,Ila-17,0,6,1,1,1,0,5,1,8,71.6,1,2025-03-16,EN03
HH00539,North,Aru,Aru-18,0,7,0,0,1,0,60.5,0,10,74.8,1,2025-03-21,EN03
HH00540,South,Galo,Galo-16,0,3,0,0,0,1,44.6,1,10,73.2,0,2025-04-11,EN04
HH00541,Central,Faro,Faro-05,0,5,1,0,2,2,42.6,1,8,82.6,0,2025-03-21,EN02
HH00542,South,Galo,Galo-13,0,7,1,0,1,1,53.7,0,9,68.6,0,2025-03-03,EN13
HH00543,Central,Faro,Faro-07,0,2,0,0,1,1,28.1,1,9,80.2,0,2025-03-12,EN08
HH00544,Central,Elo,Elo-16,0,3,1,0,0,3,19.5,1,7,77.2,1,2025-03-16,EN08
HH00545,South,Galo,Galo-04,0,4,0,0,0,1,21.8,1,5,84.5,0,2025-04-11,EN03
HH00546,North,Bela,Bela-04,0,5,1,0,1,0,45.7,1,11,63.4,0,2025-03-15,EN06
HH00547,Central,Elo,Elo-17,0,6,1,0,1,3,10.9,1,9,84.0,0,2025-03-25,EN15
HH00548,South,Ila,Ila-10,0,3,0,0,2,1,49.7,0,8,54.5,1,2025-03-11,EN04
HH00549,Coast,Jubo,Jubo-11,0,5,0,0,1,0,48.8,0,10,74.6,0,2025-04-03,EN14
HH00550,Coast,Luma,Luma-05,0,6,1,0,0,2,58.8,0,7,61.1,1,2025-04-06,EN07
HH00551,Central,Elo,Elo-14,0,4,0,0,1,0,12.9,1,12,76.1,0,2025-03-01,EN01
HH00552,North,Bela,Bela-12,0,7,0,0,2,2,61.0,0,6,74.1,0,2025-03-07,EN11
HH00553,Coast,Luma,Luma-11,1,5,1,0,0,3,54.5,0,7,74.4,0,2025-04-11,EN09
HH00554,Coast,Kalo,Kalo-07,1,6,0,0,0,0,14.7,1,6,74.1,0,2025-03-21,EN15
HH00555,Central,Faro,Faro-17,0,3,0,1,1,0,44.7,1,8,78.0,1,2025-03-28,EN01
HH00556,North,Coro,Coro-09,0,4,1,0,2,1,44.1,1,10,77.9,0,2025-03-23,EN03
HH00557,Coast,Jubo,Jubo-14,0,5,1,0,3,2,15.1,1,10,77.0,1,2025-04-02,EN03
HH00558,South,Ila,Ila-18,0,9,1,0,1,1,54.5,0,8,81.1,0,2025-03-31,EN03
HH00559,Coast,Luma,Luma-12,0,3,1,0,0,1,31.4,1,10,72.8,0,2025-03-05,EN10
HH00560,South,Galo,Galo-08,0,8,0,0,1,1,21.6,1,5,74.4,0,2025-04-11,EN01
HH00561,Central,Elo,Elo-06,0,2,0,0,1,0,44.6,1,10,51.2,0,2025-03-04,EN07
HH00562,Central,Dima,Dima-18,0,2,0,0,1,0,34.8,1,3,70.3,0,2025-04-07,EN07
HH00563,Central,Dima,Dima-16,0,5,1,0,0,2,26.7,1,9,77.9,1,2025-03-24,EN15
HH00564,Central,Faro,Faro-05,0,1,0,0,1,1,29.6,1,10,54.5,1,2025-03-31,EN10
HH00565,Central,Dima,Dima-02,0,7,0,0,0,0,53.0,0,8,67.8,0,2025-04-05,EN05
HH00566,Central,Elo,Elo-12,0,7,0,0,0,3,43.6,1,7,81.1,0,2025-04-07,EN03
HH00567,Coast,Luma,Luma-01,0,5,0,0,0,0,23.7,1,3,65.7,1,2025-04-03,EN07
HH00568,North,Aru,Aru-16,0,6,1,0,0,0,55.9,0,8,84.7,0,2025-03-29,EN08
HH00569,South,Hima,Hima-11,0,1,0,1,1,1,58.6,1,10,69.7,0,2025-03-07,EN03
HH00570,Central,Dima,Dima-15,0,1,0,0,1,1,8.1,1,8,71.3,0,2025-03-11,EN16
HH00571,North,Aru,Aru-09,0,1,1,1,1,1,17.1,1,9,80.3,1,2025-03-30,EN04
HH00572,North,Coro,Coro-10,0,6,0,0,2,0,34.1,1,10,67.8,0,2025-03-17,EN15
HH00573,South,Galo,Galo-12,0,4,0,0,0,0,54.4,0,9,57.3,1,2025-03-09,EN11
HH00574,South,Ila,Ila-08,0,1,0,0,0,1,58.3,0,7,91.2,0,2025-03-26,EN11
HH00575,North,Coro,Coro-18,0,4,0,0,1,1,39.0,1,10,71.7,0,2025-03-23,EN03
HH00576,Central,Dima,Dima-07,0,7,0,0,0,1,44.2,1,9,78.1,0,2025-03-05,EN05
HH00577,North,Aru,Aru-17,0,6,1,0,1,4,50.1,0,9,77.6,0,2025-03-11,EN03
HH00578,Central,Dima,Dima-07,0,1,0,0,0,1,17.4,1,7,84.7,1,2025-03-17,EN07
HH00579,Central,Dima,Dima-04,0,4,1,0,1,0,35.1,1,10,80.8,1,2025-03-14,EN13
HH00580,South,Hima,Hima-03,0,2,0,1,0,2,49.6,1,3,79.4,1,2025-03-12,EN02
HH00581,North,Coro,Coro-09,0,6,0,0,0,3,32.2,1,11,86.5,0,2025-04-04,EN16
HH00582,Coast,Luma,Luma-17,1,2,1,1,0,2,46.8,1,9,63.0,1,2025-04-02,EN08
HH00583,North,Bela,Bela-17,0,6,0,0,1,2,34.5,1,6,77.9,0,2025-03-23,EN01
HH00584,Central,Dima,Dima-01,0,4,0,0,1,1,59.7,0,5,80.3,1,2025-03-29,EN15
HH00585,South,Ila,Ila-01,0,1,1,0,1,1,13.4,1,5,78.1,0,2025-03-25,EN11
HH00586,Central,Elo,Elo-09,0,5,0,1,0,1,44.7,1,7,80.4,0,2025-03-22,EN06
HH00587,South,Hima,Hima-09,0,6,0,0,0,0,69.3,0,9,71.7,0,2025-03-16,EN06
HH00588,Central,Faro,Faro-18,0,3,0,0,2,1,26.8,1,6,68.5,0,2025-03-05,EN13
HH00589,Central,Dima,Dima-18,0,8,1,1,1,0,24.6,1,6,90.5,1,2025-04-12,EN02
HH00590,South,Hima,Hima-06,0,4,1,1,1,1,63.5,1,7,70.1,0,2025-03-17,EN11
HH00591,South,Hima,Hima-05,0,3,1,0,0,0,54.0,0,11,78.4,1,2025-03-05,EN04
HH00592,South,Galo,Galo-02,0,7,0,0,0,0,60.3,0,7,56.8,1,2025-03-09,EN08
HH00593,Central,Faro,Faro-02,0,7,1,0,1,2,49.4,0,10,86.6,0,2025-04-11,EN04
HH00594,Coast,Kalo,Kalo-03,1,4,0,1,0,1,,1,8,63.1,1,2025-04-09,EN11
HH00595,North,Bela,Bela-17,0,6,1,1,0,1,39.5,1,10,80.5,0,2025-03-30,EN01
HH00596,North,Aru,Aru-07,0,2,1,0,1,0,30.2,1,4,85.2,1,2025-03-23,EN14
HH00597,Central,Dima,Dima-18,0,4,0,0,1,3,60.3,0,11,66.0,1,2025-03-08,EN08
HH00598,South,Galo,Galo-07,0,2,0,0,0,1,33.8,1,11,85.2,0,2025-03-22,EN01
HH00599,North,Aru,Aru-04,0,7,1,0,1,0,27.5,1,5,71.9,1,2025-03-15,EN04
HH00600,Coast,Jubo,Jubo-05,1,4,0,0,0,1,62.1,0,10,76.7,0,2025-03-21,EN08
HH00601,South,Ila,Ila-10,0,3,0,0,1,1,58.4,0,11,60.5,0,2025-04-08,EN11
HH00602,Coast,Kalo,Kalo-05,1,3,0,0,1,0,28.5,1,12,81.6,1,2025-04-05,EN01
HH00603,Coast,Jubo,Jubo-05,0,7,1,1,1,1,73.9,1,9,75.3,1,2025-03-23,EN15
HH00604,Central,Elo,Elo-10,0,5,1,0,2,2,33.9,1,5,76.7,0,2025-03-14,EN14
HH00605,Central,Elo,Elo-12,0,3,0,0,0,1,39.8,1,8,76.4,0,2025-03-21,EN01
HH00606,Coast,Luma,Luma-03,1,3,0,0,3,2,37.9,1,9,83.6,1,2025-03-01,EN11
HH00607,Coast,Luma,Luma-12,0,3,1,0,1,1,38.4,1,9,79.0,0,2025-03-11,EN16
HH00608,North,Bela,Bela-01,0,2,0,0,0,1,39.2,1,6,73.0,1,2025-03-27,EN05
HH00609,South,Hima,Hima-15,0,5,0,0,1,0,32.2,1,7,67.2,0,2025-03-07,EN07
HH00610,Coast,Kalo,Kalo-15,1,4,0,0,2,2,19.4,1,11,85.1,0,2025-03-20,EN09
HH00611,Central,Faro,Faro-04,0,2,1,0,0,2,51.7,0,9,68.4,0,2025-03-31,EN11
HH00612,South,Hima,Hima-09,0,1,0,0,0,1,26.1,1,8,79.2,0,2025-03-18,EN13
HH00613,Coast,Kalo,Kalo-05,0,3,1,0,0,1,23.3,1,7,81.7,0,2025-03-04,EN09
HH00614,Coast,Jubo,Jubo-04,1,8,0,1,1,4,27.3,1,6,89.7,1,2025-03-09,EN12
HH00615,South,Ila,Ila-08,0,7,0,0,1,3,66.3,0,12,72.4,0,2025-03-03,EN11
HH00616,South,Hima,Hima-06,0,4,0,0,0,0,16.1,1,11,62.3,1,2025-03-04,EN16
HH00617,South,Galo,Galo-17,0,5,0,0,3,2,5,1,8,56.7,0,2025-04-02,EN01
HH00618,Central,Elo,Elo-05,0,5,1,0,2,3,39.0,1,6,88.2,0,2025-03-18,EN03
HH00619,Coast,Kalo,Kalo-05,0,5,0,1,1,2,25.2,1,7,67.5,1,2025-03-03,EN11
HH00620,North,Aru,Aru-15,0,3,0,1,3,2,19.6,1,9,69.0,0,2025-03-08,EN16
HH00621,Coast,Kalo,Kalo-11,1,3,0,0,2,2,49.4,0,10,75.1,1,2025-03-22,EN12
HH00622,Central,Faro,Faro-16,0,4,0,0,1,2,49.8,0,11,75.1,0,2025-03-07,EN15
HH00623,North,Bela,Bela-12,0,5,0,0,0,2,88.6,0,9,73.7,0,2025-03-13,EN01
HH00624,North,Coro,Coro-14,0,7,0,0,1,1,48.8,0,6,78.4,1,2025-03-14,EN08
HH00625,Coast,Kalo,Kalo-12,1,5,0,0,0,0,68.8,0,9,74.4,0,2025-03-03,EN13
HH00626,North,Aru,Aru-11,0,5,0,0,0,3,53.3,0,11,69.6,1,2025-03-08,EN12
HH00627,Coast,Jubo,Jubo-01,1,5,0,0,0,2,22.7,1,8,89.5,1,2025-04-12,EN04
HH00628,North,Aru,Aru-09,0,5,0,0,0,3,93.5,0,11,66.6,0,2025-03-23,EN13
HH00629,Coast,Kalo,Kalo-14,0,4,1,0,0,3,34.3,1,9,76.4,1,2025-03-27,EN13
HH00630,North,Coro,Coro-14,0,4,1,0,1,0,58.4,0,8,58.0,0,2025-03-21,EN03
HH00631,North,Bela,Bela-10,0,2,1,0,0,2,44.2,1,10,76.8,1,2025-04-07,EN13
HH00632,North,Aru,Aru-12,0,2,1,0,1,2,62.9,0,9,87.6,1,2025-03-18,EN16
HH00633,North,Coro,Coro-03,0,4,1,0,0,0,5,1,6,79.7,1,2025-03-25,EN07
HH00634,North,Aru,Aru-10,0,4,1,0,2,2,64.0,0,7,76.6,0,2025-04-12,EN05
HH00635,Coast,Kalo,Kalo-04,1,1,0,1,1,0,40.5,1,6,64.1,0,2025-03-07,EN08
HH00636,South,Ila,Ila-18,0,4,0,0,1,3,53.1,0,6,70.6,1,2025-03-21,EN11
HH00637,North,Coro,Coro-13,0,5,0,0,1,0,36.7,1,10,62.4,1,2025-03-14,EN11
HH00638,Central,Dima,Dima-13,0,4,0,0,2,3,37.6,1,3,67.8,0,2025-03-13,EN07
HH00639,Central,Dima,Dima-08,0,5,0,0,0,3,59.9,0,12,77.9,1,2025-03-24,EN08
HH00640,Coast,Luma,Luma-09,1,4,1,0,0,1,49.9,0,9,76.4,0,2025-04-09,EN15
HH00641,North,Aru,Aru-06,0,4,1,0,0,1,38.2,1,6,68.1,1,2025-04-12,EN14
HH00642,South,Hima,Hima-13,0,8,0,0,2,2,34.0,1,8,63.9,0,2025-03-04,EN01
HH00643,South,Galo,Galo-07,0,6,1,0,2,3,41.7,1,7,80.8,1,2025-04-07,EN09
HH00644,South,Ila,Ila-02,0,4,0,0,1,0,65.8,0,8,82.1,1,2025-03-11,EN11
HH00645,South,Galo,Galo-05,0,3,1,0,0,3,37.7,1,6,76.8,0,2025-03-10,EN15
HH00646,South,Hima,Hima-01,0,6,1,0,0,3,24.1,1,5,74.9,0,2025-03-17,EN02
HH00647,Central,Faro,Faro-09,0,7,0,0,0,0,32.0,1,7,70.9,0,2025-04-08,EN05
HH00648,North,Aru,Aru-14,0,8,0,0,1,1,5,1,7,77.9,1,2025-03-07,EN12
HH00649,North,Bela,Bela-04,0,5,1,0,2,1,5.4,1,7,89.5,1,2025-04-03,EN05
HH00650,South,Galo,Galo-03,0,4,1,0,2,1,65.5,0,8,82.4,0,2025-04-07,EN10
HH00651,Central,Faro,Faro-10,0,3,0,0,2,1,33.3,1,8,86.0,1,2025-03-18,EN04
HH00652,North,Aru,Aru-10,0,3,0,0,0,0,52.1,0,10,77.9,0,2025-03-15,EN02
HH00653,Coast,Luma,Luma-02,1,5,1,1,2,1,33.1,1,10,67.3,1,2025-04-06,EN05
HH00654,North,Aru,Aru-05,0,5,0,0,0,0,44.9,1,9,65.5,1,2025-03-18,EN16
HH00655,North,Bela,Bela-09,0,3,0,0,0,1,46.2,1,10,70.8,0,2025-03-24,EN15
HH00656,North,Aru,Aru-06,0,3,1,0,1,2,22.1,1,4,80.8,0,2025-04-01,EN16
HH00657,North,Bela,Bela-03,0,3,1,0,1,3,38.2,1,6,72.7,0,2025-03-12,EN04
HH00658,Coast,Kalo,Kalo-02,0,3,0,0,0,2,63.5,0,12,69.2,0,2025-03-02,EN05
HH00659,Coast,Jubo,Jubo-12,1,3,1,0,0,3,45.9,1,11,69.7,0,2025-03-14,EN12
HH00660,North,Bela,Bela-09,0,3,0,0,1,0,42.2,1,7,100,0,2025-03-18,EN14
HH00661,Central,Faro,Faro-17,0,4,0,0,0,3,44.0,1,9,57.4,0,2025-03-11,EN16
HH00662,Coast,Luma,Luma-05,0,8,0,0,1,2,23.2,1,7,89.7,1,2025-03-31,EN06
HH00663,South,Hima,Hima-09,0,10,1,0,0,1,27.1,1,11,75.1,1,2025-03-09,EN03
HH00664,North,Coro,Coro-14,0,4,0,0,1,1,39.8,1,11,79.0,0,2025-04-07,EN02
HH00665,North,Coro,Coro-09,0,3,0,0,2,1,49.7,0,10,71.9,1,2025-04-12,EN07
HH00666,Coast,Kalo,Kalo-04,1,4,1,1,0,1,32.6,1,5,67.1,0,2025-03-23,EN14
HH00667,Central,Elo,Elo-17,0,6,0,1,0,0,51.4,1,9,59.0,1,2025-03-08,EN04
HH00668,South,Galo,Galo-15,0,4,0,0,1,1,49.2,0,11,79.6,1,2025-04-11,EN01
HH00669,North,Bela,Bela-06,0,5,1,0,0,2,31.3,1,8,70.7,0,2025-03-11,EN15
HH00670,North,Coro,Coro-18,0,3,1,0,0,1,14.3,1,7,75.8,0,2025-03-06,EN15
HH00671,North,Coro,Coro-15,0,5,0,1,1,2,38.8,1,6,78.8,0,2025-03-06,EN08
HH00672,Central,Dima,Dima-07,0,4,0,0,0,0,67.2,0,9,68.9,1,2025-04-05,EN15
HH00673,South,Hima,Hima-16,0,5,0,0,0,2,58.7,0,8,67.3,0,2025-03-31,EN14
HH00674,South,Galo,Galo-01,0,4,1,0,0,1,25.3,1,6,76.1,0,2025-04-07,EN08
HH00675,Coast,Luma,Luma-09,1,7,0,0,0,1,31.0,1,5,54.8,0,2025-03-25,EN01
HH00676,Central,Dima,Dima-12,0,4,1,0,1,1,,0,6,77.7,1,2025-03-23,EN11
HH00677,Coast,Luma,Luma-11,1,4,1,0,0,1,44.7,1,8,78.2,0,2025-04-07,EN08
HH00678,Coast,Jubo,Jubo-18,1,2,0,0,2,2,31.2,1,6,66.5,0,2025-04-07,EN06
HH00679,Central,Faro,Faro-05,0,3,0,0,0,0,49.4,0,9,61.0,1,2025-04-01,EN07
HH00680,Coast,Jubo,Jubo-11,0,8,0,0,2,1,49.7,0,6,57.3,1,2025-03-09,EN06
HH00681,Coast,Kalo,Kalo-05,1,6,1,0,0,1,49.4,0,8,62.6,0,2025-04-05,EN15
HH00682,North,Aru,Aru-07,0,5,1,0,0,0,31.2,1,8,72.9,1,2025-04-03,EN08
HH00683,South,Galo,Galo-13,0,6,0,1,1,2,5.0,1,6,86.5,0,2025-03-13,EN02
HH00684,North,Coro,Coro-12,0,6,1,0,1,2,35.6,1,7,83.0,1,2025-03-09,EN10
HH00685,Coast,Jubo,Jubo-14,1,5,1,0,2,1,34.3,1,11,78.9,0,2025-03-20,EN04
HH00686,South,Hima,Hima-09,0,5,1,0,2,1,5,1,7,89.6,0,2025-03-11,EN16
HH00687,South,Hima,Hima-08,0,4,0,0,0,1,95,0,12,62.6,0,2025-04-08,EN05
HH00688,North,Bela,Bela-16,0,7,0,0,0,0,34.6,1,12,75.7,0,2025-04-10,EN11
HH00689,Central,Elo,Elo-13,0,3,1,0,0,2,17.8,1,7,58.8,1,2025-04-03,EN06
HH00690,North,Aru,Aru-18,0,6,0,0,0,1,48.7,0,6,72.2,0,2025-03-17,EN10
HH00691,South,Galo,Galo-05,0,4,1,0,0,3,32.3,1,9,69.3,0,2025-03-19,EN01
HH00692,South,Galo,Galo-08,0,6,0,0,3,1,45.7,1,5,77.9,0,2025-04-03,EN04
HH00693,North,Aru,Aru-15,0,7,0,0,1,1,89.0,0,12,71.0,1,2025-03-31,EN13
HH00694,Central,Dima,Dima-02,0,3,0,0,0,2,79.0,0,9,73.7,0,2025-03-25,EN02
HH00695,Coast,Jubo,Jubo-05,1,6,1,0,1,2,48.4,0,8,82.0,1,2025-03-17,EN12
HH00696,Coast,Jubo,Jubo-06,0,8,0,0,0,0,36.9,1,7,62.2,1,2025-03-16,EN06
HH00697,South,Hima,Hima-13,0,4,0,0,2,3,55.6,0,10,63.6,0,2025-03-04,EN15
HH00698,Central,Elo,Elo-01,0,2,0,0,1,0,66.1,0,6,71.4,0,2025-03-19,EN11
HH00699,North,Aru,Aru-01,0,3,0,0,1,3,35.6,1,5,71.7,0,2025-03-17,EN05
HH00700,South,Ila,Ila-12,0,8,0,0,1,1,,1,10,83.5,0,2025-03-22,EN11
HH00701,South,Ila,Ila-02,0,4,1,0,1,3,70.2,0,6,73.5,0,2025-03-22,EN03
HH00702,North,Aru,Aru-16,0,8,0,0,1,3,41.9,1,9,77.0,1,2025-03-24,EN07
HH00703,North,Coro,Coro-12,0,1,1,0,1,1,33.2,1,10,74.8,0,2025-03-05,EN05
HH00704,Central,Elo,Elo-04,0,4,0,0,0,3,12.6,1,6,74.6,0,2025-03-21,EN12
HH00705,North,Aru,Aru-15,0,1,1,0,1,1,44.9,1,9,80.0,1,2025-03-20,EN05
HH00706,North,Coro,Coro-05,0,5,0,0,1,1,56.5,0,8,86.0,1,2025-04-12,EN09
HH00707,South,Galo,Galo-16,0,3,0,0,0,2,74.5,0,7,79.9,0,2025-04-11,EN11
HH00708,North,Bela,Bela-14,0,6,0,0,1,1,57.7,0,5,67.8,0,2025-03-04,EN14
HH00709,Coast,Jubo,Jubo-04,1,4,0,0,0,0,5,1,5,88.5,0,2025-03-01,EN12
HH00710,South,Ila,Ila-08,0,6,0,1,1,2,37.6,1,9,63.4,0,2025-04-08,EN04
HH00711,North,Aru,Aru-05,0,9,1,1,0,1,19.3,1,9,63.6,0,2025-03-01,EN06
HH00712,Central,Elo,Elo-07,0,4,0,0,0,2,52.5,0,10,64.5,0,2025-03-28,EN07
HH00713,South,Galo,Galo-03,0,4,0,0,0,3,29.8,1,6,70.9,0,2025-03-09,EN02
HH00714,Central,Faro,Faro-09,0,3,1,0,0,0,39.1,1,8,73.0,1,2025-03-19,EN15
HH00715,North,Bela,Bela-10,0,6,0,0,0,2,13.8,1,8,74.5,0,2025-03-26,EN16
HH00716,South,Ila,Ila-18,0,5,1,0,2,1,56.0,0,9,81.2,0,2025-03-04,EN03
HH00717,Central,Elo,Elo-15,0,4,0,1,0,3,32.1,1,7,80.2,0,2025-04-01,EN11
HH00718,South,Galo,Galo-15,0,7,0,0,1,3,5,1,5,96.6,0,2025-04-06,EN10
HH00719,Central,Faro,Faro-06,0,3,1,0,0,2,58.6,0,10,69.4,0,2025-03-29,EN02
HH00720,Central,Faro,Faro-09,0,6,0,0,2,0,42.5,1,8,54.9,1,2025-03-31,EN16
HH00721,South,Ila,Ila-04,0,8,1,0,1,1,33.4,1,5,54.5,1,2025-04-06,EN11
HH00722,Coast,Jubo,Jubo-04,1,7,0,0,0,0,54.6,0,8,71.9,0,2025-03-20,EN10
HH00723,Central,Faro,Faro-05,0,5,0,0,1,1,29.5,1,8,71.8,0,2025-04-08,EN08
HH00724,Coast,Jubo,Jubo-08,1,5,0,0,2,0,67.7,0,5,67.5,1,2025-04-11,EN02
HH00725,South,Galo,Galo-09,0,5,0,0,0,2,38.1,1,8,76.4,0,2025-03-31,EN14
HH00726,South,Galo,Galo-15,0,4,0,0,2,2,30.5,1,6,77.0,1,2025-03-12,EN13
HH00727,Central,Faro,Faro-09,0,4,0,0,0,1,38.2,1,10,75.0,0,2025-03-24,EN06
HH00728,North,Bela,Bela-15,0,4,0,0,2,2,49.3,0,4,76.8,0,2025-03-18,EN05
HH00729,Coast,Luma,Luma-09,0,5,0,1,4,1,54.2,1,6,73.7,1,2025-03-27,EN09
HH00730,South,Hima,Hima-12,0,3,1,0,1,3,34.4,1,10,68.9,1,2025-03-26,EN01
HH00731,Coast,Jubo,Jubo-10,0,3,1,0,0,1,27.0,1,5,68.3,1,2025-04-07,EN06
HH00732,Central,Dima,Dima-07,0,2,0,0,1,0,47.6,1,9,69.5,0,2025-03-06,EN08
HH00733,North,Aru,Aru-05,0,6,0,0,0,1,73.8,0,12,76.0,1,2025-03-17,EN03
HH00734,South,Galo,Galo-07,0,1,0,0,1,1,22.5,1,9,90.2,1,2025-04-05,EN05
HH00735,Coast,Jubo,Jubo-17,0,6,0,0,2,4,35.4,1,7,62.7,0,2025-04-04,EN04
HH00736,North,Bela,Bela-09,0,7,0,0,0,1,46.8,1,10,78.6,0,2025-03-11,EN10
HH00737,Coast,Luma,Luma-17,0,5,0,0,2,2,40.7,1,9,81.6,1,2025-04-06,EN12
HH00738,Central,Elo,Elo-08,0,7,0,0,1,1,23.6,1,10,73.0,0,2025-03-04,EN14
HH00739,North,Bela,Bela-12,0,4,0,0,0,4,48.1,0,10,72.7,1,2025-03-21,EN07
HH00740,South,Hima,Hima-12,0,6,0,0,1,2,42.6,1,3,56.1,0,2025-03-31,EN05
HH00741,Coast,Kalo,Kalo-09,1,3,1,0,0,0,11.4,1,5,75.8,1,2025-03-20,EN15
HH00742,Central,Faro,Faro-12,0,4,0,0,1,2,74.1,0,12,75.0,0,2025-03-29,EN07
HH00743,North,Coro,Coro-12,0,2,0,0,0,1,30.0,1,9,81.1,1,2025-04-02,EN14
HH00744,North,Bela,Bela-03,0,2,0,0,1,0,44.3,1,6,77.3,1,2025-03-12,EN06
HH00745,North,Coro,Coro-17,0,6,0,0,0,4,37.2,1,6,83.4,1,2025-04-05,EN07
HH00746,South,Galo,Galo-07,0,5,1,1,1,3,32.1,1,6,85.6,1,2025-04-04,EN07
HH00747,South,Hima,Hima-06,0,7,1,1,1,1,53.4,1,6,67.0,0,2025-03-20,EN12
HH00748,Coast,Luma,Luma-01,1,5,0,0,2,1,40.7,1,7,76.0,1,2025-03-13,EN02
HH00749,North,Bela,Bela-07,0,4,1,1,0,1,47.1,1,11,59.4,0,2025-03-20,EN14
HH00750,Coast,Jubo,Jubo-07,1,9,1,0,0,0,33.2,1,11,58.1,1,2025-04-12,EN12
HH00751,North,Coro,Coro-06,0,9,0,0,0,3,69.2,0,8,54.1,0,2025-03-05,EN02
HH00752,North,Bela,Bela-08,0,4,1,1,0,0,46.7,1,9,66.0,1,2025-04-12,EN08
HH00753,Central,Faro,Faro-18,0,3,0,0,0,1,42.7,1,7,78.7,0,2025-03-30,EN03
HH00754,North,Aru,Aru-15,0,2,1,0,0,0,5,1,4,52.9,0,2025-04-07,EN09
HH00755,South,Hima,Hima-16,0,1,1,0,0,1,26.2,1,9,79.8,0,2025-03-10,EN08
HH00756,Coast,Luma,Luma-13,1,5,0,1,0,1,10.6,1,9,70.6,1,2025-03-23,EN05
HH00757,North,Bela,Bela-03,0,6,1,1,2,0,19.2,1,5,78.3,0,2025-04-02,EN13
HH00758,North,Aru,Aru-06,0,4,0,0,2,1,26.4,1,4,83.2,0,2025-04-04,EN07
HH00759,Coast,Jubo,Jubo-01,1,7,1,1,0,1,47.4,1,9,70.8,1,2025-03-28,EN16
HH00760,South,Ila,Ila-13,0,7,0,0,1,2,45.6,1,10,77.7,0,2025-03-12,EN03
HH00761,Coast,Jubo,Jubo-10,1,3,0,0,2,1,66.7,0,7,68.1,1,2025-03-28,EN16
HH00762,Coast,Kalo,Kalo-06,1,5,0,0,0,0,42.3,1,8,81.1,0,2025-03-11,EN16
HH00763,South,Hima,Hima-08,0,5,0,0,1,0,5,1,6,76.8,1,2025-03-26,EN06
HH00764,North,Coro,Coro-15,0,6,1,0,0,2,52.6,0,10,67.2,0,2025-03-27,EN02
HH00765,North,Aru,Aru-10,0,1,0,0,0,0,34.2,1,7,82.1,0,2025-03-28,EN14
HH00766,Central,Elo,Elo-13,0,7,1,0,0,0,22.9,1,11,58.0,0,2025-03-08,EN05
HH00767,North,Aru,Aru-03,0,4,1,1,1,0,15.9,1,8,76.3,0,2025-03-08,EN16
HH00768,Central,Elo,Elo-18,0,7,0,0,0,3,27.8,1,7,64.5,0,2025-04-01,EN05
HH00769,Coast,Jubo,Jubo-15,0,5,0,0,4,2,40.3,1,8,75.6,1,2025-03-02,EN10
HH00770,North,Aru,Aru-13,0,4,1,0,1,1,33.7,1,9,60.9,1,2025-03-28,EN09
HH00771,Central,Faro,Faro-04,0,2,1,0,1,0,47.1,1,4,69.6,0,2025-03-22,EN03
HH00772,Coast,Kalo,Kalo-09,1,6,0,0,0,2,52.7,0,8,81.7,1,2025-03-28,EN03
HH00773,South,Hima,Hima-07,0,2,0,1,0,1,5,1,6,78.1,0,2025-03-27,EN10
HH00774,North,Bela,Bela-15,0,8,0,0,1,0,71.4,0,9,69.9,0,2025-03-04,EN05
HH00775,Central,Dima,Dima-16,0,6,0,1,0,3,56.9,1,10,83.5,1,2025-03-30,EN02
HH00776,Coast,Kalo,Kalo-14,1,7,0,0,0,6,75.2,0,6,79.1,0,2025-04-04,EN11
HH00777,Central,Faro,Faro-04,0,6,1,0,0,3,28.3,1,6,85.5,0,2025-04-01,EN11
HH00778,Coast,Luma,Luma-10,0,4,0,1,0,3,50.7,1,6,75.8,1,2025-03-10,EN03
HH00779,North,Aru,Aru-14,0,1,1,0,1,1,15.6,1,7,79.8,0,2025-03-16,EN10
HH00780,North,Coro,Coro-10,0,5,1,0,0,1,40.0,1,7,76.9,0,2025-03-29,EN11
HH00781,Central,Elo,Elo-02,0,5,0,0,1,2,32.9,1,7,77.2,1,2025-04-12,EN12
HH00782,North,Bela,Bela-08,0,3,0,0,1,2,62.9,0,9,68.9,0,2025-03-15,EN15
HH00783,Coast,Kalo,Kalo-11,0,4,0,0,0,0,46.8,1,9,75.7,0,2025-03-19,EN07
HH00784,North,Bela,Bela-09,0,5,0,1,2,1,27.6,1,7,73.1,0,2025-03-05,EN01
HH00785,Central,Dima,Dima-05,0,3,0,1,0,0,50.0,1,7,57.7,1,2025-04-03,EN14
HH00786,Coast,Jubo,Jubo-10,1,2,1,0,0,2,52.8,0,6,79.7,0,2025-03-02,EN12
HH00787,North,Bela,Bela-16,0,7,1,1,0,2,56.3,1,6,66.5,1,2025-03-25,EN03
HH00788,North,Coro,Coro-16,0,4,1,0,1,0,68.4,0,9,58.3,0,2025-03-14,EN05
HH00789,Coast,Kalo,Kalo-07,1,4,1,1,1,0,38.3,1,6,94.3,0,2025-04-03,EN05
HH00790,Central,Faro,Faro-12,0,4,1,0,1,2,61.9,0,9,76.0,1,2025-03-28,EN02
HH00791,South,Hima,Hima-01,0,8,0,0,0,3,62.3,0,10,74.8,0,2025-04-02,EN16
HH00792,Central,Dima,Dima-15,0,6,1,0,0,1,65.5,0,10,72.6,1,2025-03-10,EN10
HH00793,Central,Dima,Dima-05,0,2,0,0,0,2,47.5,1,10,67.2,0,2025-03-28,EN03
HH00794,North,Aru,Aru-09,0,6,0,1,0,2,53.4,1,10,73.2,0,2025-04-09,EN12
HH00795,Coast,Jubo,Jubo-03,0,4,1,0,2,1,20.0,1,8,54.5,0,2025-03-18,EN10
HH00796,Central,Faro,Faro-18,0,5,0,0,1,1,51.2,0,7,73.5,0,2025-04-04,EN07
HH00797,North,Aru,Aru-01,0,6,0,1,0,2,21.4,1,9,82.7,1,2025-03-11,EN07
HH00798,South,Ila,Ila-04,0,4,1,0,0,2,52.3,0,4,74.3,1,2025-03-08,EN04
HH00799,North,Bela,Bela-08,0,2,0,0,2,1,52.2,0,11,82.1,0,2025-03-27,EN10
HH00800,North,Aru,Aru-03,0,7,0,0,1,0,7.0,1,7,76.3,1,2025-03-06,EN14
HH00801,South,Ila,Ila-01,0,3,0,0,1,0,30.3,1,5,75.1,1,2025-03-19,EN04
HH00802,Coast,Jubo,Jubo-08,1,3,0,0,1,2,53.1,0,8,77.2,0,2025-03-24,EN05
HH00803,Coast,Kalo,Kalo-15,1,8,0,0,0,1,63.0,0,6,72.8,0,2025-03-06,EN02
HH00804,Central,Faro,Faro-05,0,5,1,1,0,0,19.4,1,8,84.4,0,2025-03-06,EN07
HH00805,Coast,Luma,Luma-15,1,5,1,0,0,0,60.7,0,12,67.4,0,2025-03-18,EN06
HH00806,Central,Faro,Faro-10,0,5,1,0,1,0,44.4,1,10,71.1,0,2025-03-07,EN09
HH00807,Coast,Jubo,Jubo-07,0,4,1,0,1,2,60.9,0,7,94.3,0,2025-04-08,EN15
HH00808,South,Galo,Galo-01,0,6,0,0,0,0,43.7,1,12,83.5,0,2025-04-11,EN01
HH00809,Coast,Kalo,Kalo-02,0,3,1,1,2,0,82.0,1,10,65.4,0,2025-04-04,EN13
HH00810,Central,Dima,Dima-07,0,1,1,0,1,1,45.9,1,8,81.3,1,2025-03-24,EN04
HH00811,Coast,Kalo,Kalo-15,1,4,0,0,0,2,69.0,0,10,88.8,0,2025-04-07,EN05
HH00812,North,Aru,Aru-04,0,5,1,0,2,2,28.1,1,6,99.6,1,2025-03-27,EN14
HH00813,South,Galo,Galo-18,0,5,1,0,1,2,57.3,0,11,76.1,1,2025-03-15,EN10
HH00814,North,Aru,Aru-09,0,5,0,0,0,1,71.1,0,8,80.5,1,2025-03-03,EN07
HH00815,Coast,Luma,Luma-14,0,5,0,0,1,2,47.5,1,10,75.4,1,2025-04-11,EN16
HH00816,South,Hima,Hima-05,0,6,1,0,1,0,16.8,1,10,96.1,0,2025-04-04,EN04
HH00817,Central,Dima,Dima-14,0,9,0,0,1,1,21.7,1,7,82.3,0,2025-04-04,EN03
HH00818,South,Galo,Galo-04,0,1,1,0,1,1,30.9,1,6,70.4,0,2025-04-08,EN13
HH00819,North,Aru,Aru-09,0,4,0,0,1,1,70.7,0,10,68.1,1,2025-03-16,EN08
HH00820,Coast,Jubo,Jubo-11,1,4,0,0,2,1,41.1,1,7,69.7,0,2025-03-28,EN10
HH00821,Central,Dima,Dima-14,0,6,0,0,0,2,6.1,1,10,71.8,1,2025-03-26,EN06
HH00822,Coast,Jubo,Jubo-14,0,5,0,0,0,0,39.4,1,7,76.0,1,2025-04-03,EN06
HH00823,Coast,Jubo,Jubo-12,0,8,0,1,0,3,43.4,1,9,83.6,0,2025-04-11,EN07
HH00824,North,Coro,Coro-14,0,4,0,0,0,1,47.5,1,9,81.8,1,2025-03-17,EN09
HH00825,Coast,Luma,Luma-13,0,3,0,0,1,0,31.9,1,3,71.5,0,2025-03-12,EN05
HH00826,Central,Faro,Faro-12,0,4,1,0,0,0,48.4,0,7,70.6,1,2025-03-22,EN16
HH00827,Central,Elo,Elo-18,0,5,1,0,1,3,64.0,0,8,79.2,0,2025-03-26,EN11
HH00828,South,Ila,Ila-06,0,6,1,0,1,1,37.4,1,9,71.0,0,2025-03-24,EN03
HH00829,Central,Dima,Dima-02,0,7,0,0,1,4,35.4,1,9,67.0,0,2025-03-12,EN08
HH00830,North,Bela,Bela-07,0,7,0,0,2,0,37.4,1,8,75.6,0,2025-03-05,EN11
HH00831,Coast,Luma,Luma-03,1,2,1,0,0,0,44.1,1,7,70.0,0,2025-03-15,EN01
HH00832,Coast,Jubo,Jubo-10,1,5,0,0,0,3,24.7,1,7,85.0,0,2025-03-21,EN11
HH00833,Central,Elo,Elo-02,0,4,1,0,0,1,44.3,1,8,69.9,1,2025-03-29,EN14
HH00834,South,Hima,Hima-14,0,9,1,0,2,1,22.8,1,9,79.4,1,2025-03-04,EN07
HH00835,South,Hima,Hima-10,0,1,1,1,0,1,12.8,1,5,88.0,0,2025-04-03,EN15
HH00836,North,Aru,Aru-08,0,4,1,0,0,1,70.5,0,9,59.2,0,2025-03-13,EN04
HH00837,Coast,Luma,Luma-08,1,2,0,0,1,1,60.4,0,8,63.4,0,2025-03-19,EN12
HH00838,North,Bela,Bela-01,0,4,0,0,0,1,38.1,1,6,71.8,0,2025-03-03,EN12
HH00839,Coast,Kalo,Kalo-13,0,4,0,0,1,0,33.3,1,8,86.9,1,2025-03-22,EN16
HH00840,South,Galo,Galo-02,0,6,1,0,0,2,47.2,1,9,73.4,0,2025-03-21,EN01
HH00841,Coast,Kalo,Kalo-17,0,5,1,0,3,1,13.3,1,7,72.7,0,2025-03-25,EN01
HH00842,North,Coro,Coro-02,0,6,0,0,0,0,69.1,0,7,72.6,1,2025-03-04,EN01
HH00843,Central,Dima,Dima-12,0,2,0,0,1,2,64.9,0,12,72.6,1,2025-03-19,EN05
HH00844,South,Ila,Ila-10,0,5,1,1,0,2,19.1,1,7,90.8,1,2025-03-29,EN11
HH00845,Central,Faro,Faro-15,0,5,0,0,1,2,31.4,1,12,90.4,0,2025-04-04,EN15
HH00846,Central,Dima,Dima-13,0,3,0,0,0,0,61.3,0,10,61.8,0,2025-03-18,EN09
HH00847,Coast,Luma,Luma-16,0,4,1,0,1,0,53.3,0,11,70.1,0,2025-03-05,EN06
HH00848,South,Galo,Galo-17,0,5,0,1,1,3,21.2,1,8,66.9,1,2025-04-09,EN13
HH00849,South,Galo,Galo-04,0,1,0,0,1,1,33.9,1,9,76.6,0,2025-04-09,EN05
HH00850,Coast,Jubo,Jubo-16,1,2,1,0,0,0,68.5,0,7,79.0,0,2025-03-15,EN12
HH00851,Central,Faro,Faro-10,0,3,1,0,0,0,56.3,0,10,71.8,1,2025-03-31,EN13
HH00852,Central,Elo,Elo-17,0,6,1,1,1,2,7.8,1,6,91.3,1,2025-04-12,EN15
HH00853,Central,Faro,Faro-18,0,5,0,0,0,4,40.3,1,7,82.0,1,2025-03-17,EN01
HH00854,South,Hima,Hima-12,0,3,0,0,0,0,49.3,0,7,80.9,0,2025-04-06,EN08
HH00855,Coast,Luma,Luma-17,0,7,0,0,0,2,37.8,1,7,73.9,0,2025-03-20,EN10
HH00856,Central,Faro,Faro-10,0,4,1,0,2,0,48.7,0,12,67.6,0,2025-03-29,EN06
HH00857,Central,Dima,Dima-04,0,6,1,0,0,3,60.0,0,12,78.5,1,2025-04-01,EN02
HH00858,South,Ila,Ila-14,0,5,0,0,0,1,42.3,1,8,64.3,0,2025-03-14,EN11
HH00859,North,Aru,Aru-11,0,4,0,0,0,0,31.1,1,10,68.3,0,2025-04-07,EN08
HH00860,Coast,Jubo,Jubo-07,1,5,1,0,1,0,71.4,0,7,65.9,0,2025-03-06,EN04
HH00861,Coast,Jubo,Jubo-03,0,5,0,0,0,1,36.4,1,9,80.0,1,2025-03-03,EN03
HH00862,Coast,Jubo,Jubo-05,1,4,1,0,0,1,27.3,1,5,71.6,0,2025-03-31,EN12
HH00863,North,Coro,Coro-18,0,3,0,0,0,0,27.5,1,12,75.2,0,2025-03-07,EN01
HH00864,Coast,Kalo,Kalo-06,1,2,0,0,1,1,58.7,0,8,80.9,1,2025-03-30,EN05
HH00865,Central,Faro,Faro-14,0,5,1,0,1,3,52.5,0,9,72.3,1,2025-03-17,EN07
HH00866,North,Bela,Bela-12,0,7,1,0,0,1,22.3,1,6,62.1,1,2025-03-06,EN09
HH00867,North,Coro,Coro-18,0,1,1,0,1,0,51.5,0,12,78.0,0,2025-04-01,EN07
HH00868,South,Galo,Galo-16,0,4,0,0,0,0,23.4,1,7,62.1,0,2025-03-07,EN04
HH00869,Central,Faro,Faro-03,0,9,0,0,2,0,14.4,1,3,80.5,0,2025-04-07,EN11
HH00870,Central,Dima,Dima-03,0,1,1,0,1,0,39.0,1,7,76.8,1,2025-03-29,EN15
HH00871,South,Galo,Galo-07,0,3,0,0,1,0,45.9,1,7,74.0,0,2025-03-19,EN09
HH00872,North,Coro,Coro-17,0,8,0,0,2,1,51.4,0,10,59.9,0,2025-03-31,EN12
HH00873,North,Coro,Coro-08,0,3,0,1,0,1,21.1,1,9,74.8,1,2025-03-11,EN10
HH00874,Coast,Luma,Luma-04,1,4,0,0,1,2,22.3,1,5,87.3,0,2025-04-02,EN05
HH00875,North,Bela,Bela-18,0,4,0,0,0,0,29.1,1,5,80.5,1,2025-03-11,EN09
HH00876,South,Hima,Hima-06,0,7,0,0,2,1,31.6,1,4,56.8,1,2025-03-17,EN12
HH00877,Central,Elo,Elo-11,0,6,1,0,1,0,7.7,1,6,73.5,1,2025-04-09,EN12
HH00878,Coast,Kalo,Kalo-10,0,4,0,1,1,0,20.2,1,8,72.3,1,2025-03-28,EN10
HH00879,North,Aru,Aru-15,0,7,0,0,1,2,,1,10,84.7,0,2025-04-05,EN11
HH00880,Central,Faro,Faro-02,0,9,1,1,1,2,40.7,1,11,77.1,1,2025-03-07,EN06
HH00881,North,Aru,Aru-08,0,3,1,0,3,0,56.5,0,8,52.7,0,2025-04-04,EN16
HH00882,Central,Elo,Elo-12,0,6,0,1,0,1,49.6,1,8,63.2,1,2025-03-23,EN11
HH00883,Coast,Kalo,Kalo-15,1,4,0,1,2,0,40.8,1,8,79.4,1,2025-03-07,EN06
HH00884,Central,Elo,Elo-06,0,1,0,0,0,1,22.9,1,4,83.7,1,2025-03-29,EN15
HH00885,Coast,Kalo,Kalo-01,1,2,0,0,2,0,53.1,0,8,66.7,1,2025-03-21,EN12
HH00886,South,Hima,Hima-01,0,6,0,0,1,1,53.6,0,8,70.5,0,2025-04-03,EN05
HH00887,South,Hima,Hima-13,0,4,1,1,2,2,47.9,1,10,73.3,0,2025-03-05,EN09
HH00888,North,Aru,Aru-04,0,8,1,0,0,0,25.6,1,5,73.4,1,2025-03-27,EN13
HH00889,Coast,Luma,Luma-04,0,4,0,1,1,2,57.4,1,8,68.5,0,2025-03-17,EN10
HH00890,Central,Faro,Faro-11,0,4,0,0,1,1,43.4,1,7,78.1,0,2025-03-25,EN13
HH00891,North,Bela,Bela-12,0,7,0,0,0,0,25.2,1,9,73.8,0,2025-03-24,EN14
HH00892,South,Hima,Hima-16,0,3,0,0,1,3,60.2,0,12,67.6,1,2025-03-01,EN01
HH00893,Coast,Kalo,Kalo-01,1,3,0,0,0,0,53.4,0,9,84.0,1,2025-03-05,EN01
HH00894,South,Hima,Hima-08,0,8,0,1,1,2,17.3,1,7,77.0,1,2025-04-02,EN07
HH00895,Coast,Kalo,Kalo-09,0,8,0,0,0,1,34.9,1,8,55.7,0,2025-03-03,EN16
HH00896,Coast,Kalo,Kalo-14,1,7,0,0,2,1,30.0,1,7,63.7,0,2025-03-12,EN07
HH00897,Central,Faro,Faro-07,0,5,0,1,2,1,34.4,1,7,70.7,0,2025-03-28,EN02
HH00898,Coast,Kalo,Kalo-17,1,4,0,0,2,0,58.7,0,11,61.3,1,2025-03-23,EN07
HH00899,North,Aru,Aru-15,0,6,0,0,1,2,45.9,1,9,88.2,0,2025-03-17,EN12
HH00900,North,Coro,Coro-10,0,7,1,0,0,1,41.5,1,7,52.7,0,2025-03-30,EN15
HH00901,Central,Faro,Faro-07,0,6,1,0,1,3,66.4,0,11,58.9,1,2025-03-22,EN05
HH00902,South,Ila,Ila-14,0,4,1,0,0,1,31.1,1,5,82.6,1,2025-03-18,EN03
HH00903,South,Ila,Ila-03,0,6,1,0,0,3,33.2,1,6,88.1,0,2025-03-16,EN03
HH00904,South,Galo,Galo-08,0,3,0,0,0,2,40.5,1,8,58.0,1,2025-04-12,EN09
HH00905,South,Hima,Hima-14,0,2,0,1,0,1,56.6,1,11,84.7,0,2025-03-31,EN14
HH00906,Coast,Luma,Luma-18,0,3,0,0,2,2,37.0,1,6,77.9,0,2025-03-20,EN11
HH00907,South,Ila,Ila-06,0,5,1,1,0,0,33.4,1,11,87.1,0,2025-04-04,EN03
HH00908,South,Galo,Galo-16,0,3,0,0,2,2,67.4,0,8,80.1,0,2025-03-03,EN01
HH00909,North,Coro,Coro-15,0,9,0,0,3,1,61.2,0,11,70.6,0,2025-04-07,EN12
HH00910,Coast,Luma,Luma-17,1,12,0,0,0,2,30.4,1,10,70.8,1,2025-04-11,EN09
HH00911,South,Galo,Galo-14,0,28,0,0,0,1,16.4,1,8,75.2,0,2025-03-16,EN06
HH00912,North,Coro,Coro-01,0,5,1,0,0,2,33.0,1,7,79.8,1,2025-03-14,EN15
HH00913,South,Galo,Galo-09,0,4,0,0,2,0,7.4,1,7,84.8,0,2025-03-20,EN06
HH00914,North,Bela,Bela-08,0,6,1,0,1,0,32.3,1,5,68.7,0,2025-03-01,EN05
HH00915,South,Galo,Galo-07,0,5,0,0,0,0,52.1,0,10,80.9,1,2025-03-03,EN01
HH00916,South,Galo,Galo-17,0,3,0,0,1,3,91.3,0,10,61.4,1,2025-03-21,EN06
HH00917,South,Ila,Ila-07,0,5,1,1,0,3,27.0,1,7,87.0,1,2025-03-17,EN11
HH00918,Central,Faro,Faro-16,0,5,1,0,1,1,7.0,1,3,85.4,1,2025-03-07,EN11
HH00919,Coast,Luma,Luma-10,1,3,0,0,0,0,39.4,1,10,78.2,0,2025-03-04,EN15
HH00920,South,Galo,Galo-01,0,5,0,0,1,0,36.4,1,7,74.5,0,2025-03-10,EN09
HH00921,Central,Faro,Faro-02,0,4,1,0,1,3,31.6,1,6,68.8,0,2025-03-11,EN08
HH00922,South,Ila,Ila-15,0,3,0,1,1,3,,1,6,76.2,0,2025-04-11,EN11
HH00923,Central,Faro,Faro-01,0,6,0,0,2,1,,0,9,83.1,1,2025-03-14,EN11
HH00924,Coast,Luma,Luma-15,1,5,0,0,1,0,37.0,1,3,70.0,0,2025-03-08,EN16
HH00925,Coast,Jubo,Jubo-13,0,5,0,0,1,1,25.5,1,9,63.5,1,2025-03-23,EN01
HH00926,North,Bela,Bela-11,0,5,1,0,0,0,41.7,1,8,69.0,1,2025-03-07,EN15
HH00927,North,Coro,Coro-08,0,9,0,0,0,4,30.2,1,5,69.4,1,2025-03-30,EN03
HH00928,North,Coro,Coro-16,0,4,1,0,1,0,23.9,1,3,74.6,0,2025-04-01,EN15
HH00929,South,Galo,Galo-14,0,5,0,0,0,0,94.1,0,11,67.4,0,2025-04-01,EN14
HH00930,North,Aru,Aru-12,0,6,0,0,2,0,59.7,0,3,81.4,1,2025-03-20,EN02
HH00931,Central,Dima,Dima-03,0,3,0,0,1,0,49.2,0,8,78.9,0,2025-03-16,EN03
HH00932,South,Ila,Ila-06,0,6,0,0,2,2,41.2,1,6,80.0,1,2025-03-10,EN03
HH00933,Central,Elo,Elo-03,0,4,1,0,0,1,48.8,0,7,71.5,1,2025-03-01,EN13
HH00934,Coast,Kalo,Kalo-09,0,5,1,0,2,4,40.0,1,11,71.6,1,2025-04-07,EN15
HH00935,South,Hima,Hima-15,0,4,1,0,2,1,72.7,0,5,72.5,0,2025-03-07,EN15
HH00936,North,Aru,Aru-12,0,8,0,0,0,3,70.2,0,10,82.6,1,2025-03-03,EN15
HH00937,Coast,Luma,Luma-12,0,9,0,1,0,0,40.2,1,10,81.6,1,2025-04-08,EN04
HH00938,Coast,Jubo,Jubo-03,1,2,1,0,1,1,51.7,0,10,76.3,0,2025-03-26,EN10
HH00939,North,Aru,Aru-09,0,3,1,0,1,0,37.5,1,8,77.6,1,2025-04-02,EN10
HH00940,North,Aru,Aru-16,0,3,1,0,0,0,30.6,1,7,75.7,1,2025-04-11,EN16
HH00941,Coast,Luma,Luma-09,1,4,1,0,1,1,29.3,1,8,71.6,0,2025-04-02,EN07
HH00942,Coast,Kalo,Kalo-17,1,6,0,0,0,1,47.0,1,8,79.7,0,2025-03-04,EN13
HH00943,North,Aru,Aru-10,0,6,0,0,0,3,38.3,1,7,73.5,0,2025-03-11,EN14
HH00944,North,Bela,Bela-10,0,5,0,0,1,4,62.1,0,7,54.5,0,2025-03-01,EN01
HH00945,South,Ila,Ila-05,0,8,0,0,1,0,55.3,0,9,62.8,0,2025-03-14,EN03
HH00946,South,Galo,Galo-10,0,3,1,0,0,3,19.7,1,8,74.7,0,2025-03-05,EN08
HH00947,North,Coro,Coro-06,0,4,0,0,1,3,20.1,1,6,92.7,1,2025-03-03,EN16
HH00948,North,Aru,Aru-18,0,5,0,1,2,0,19.1,1,9,76.6,0,2025-04-07,EN08
HH00949,South,Galo,Galo-18,0,5,0,0,0,1,25.6,1,6,73.1,0,2025-03-30,EN07
HH00950,Coast,Luma,Luma-08,0,4,0,0,1,1,70.8,0,7,63.5,1,2025-03-12,EN15
HH00951,Coast,Luma,Luma-10,1,8,0,0,2,0,59.0,0,11,84.0,0,2025-03-31,EN05
HH00952,South,Galo,Galo-13,0,6,1,0,0,0,67.0,0,10,67.0,1,2025-03-06,EN10
HH00953,Coast,Luma,Luma-02,1,6,0,0,0,2,24.8,1,7,78.7,0,2025-04-02,EN16
HH00954,North,Coro,Coro-08,0,4,1,1,0,0,25.9,1,3,76.3,0,2025-04-06,EN14
HH00955,Central,Elo,Elo-17,0,6,1,0,1,0,19.4,1,6,57.8,0,2025-03-16,EN01
HH00956,North,Bela,Bela-05,0,7,0,0,2,0,26.9,1,8,73.0,0,2025-03-06,EN04
HH00957,Coast,Luma,Luma-12,0,7,0,0,0,1,,1,10,55.9,0,2025-04-01,EN11
HH00958,Coast,Kalo,Kalo-18,1,2,0,0,0,1,19.5,1,11,96.1,0,2025-04-07,EN09
HH00959,Central,Elo,Elo-18,0,5,0,0,2,1,60.0,0,9,62.9,1,2025-04-11,EN08
HH00960,Central,Elo,Elo-06,0,3,0,0,0,3,62.2,0,11,78.2,0,2025-03-23,EN11
HH00961,North,Aru,Aru-05,0,5,1,0,0,2,33.0,1,5,64.3,1,2025-03-27,EN03
HH00962,North,Aru,Aru-03,0,4,1,0,0,3,44.7,1,6,64.1,0,2025-03-24,EN06
HH00963,South,Hima,Hima-09,0,7,1,0,0,2,14.5,1,4,77.1,0,2025-03-31,EN09
HH00964,Central,Dima,Dima-04,0,3,1,1,1,1,37.3,1,7,71.6,0,2025-03-08,EN01
HH00965,South,Galo,Galo-06,0,6,0,1,0,1,40.5,1,7,68.0,0,2025-03-23,EN05
HH00966,Coast,Kalo,Kalo-14,1,4,0,0,0,1,72.3,0,12,84.5,0,2025-03-01,EN06
HH00967,South,Ila,Ila-11,0,2,0,0,1,2,50.1,0,7,57.7,1,2025-03-07,EN11
HH00968,South,Hima,Hima-09,0,4,0,0,0,2,47.5,1,9,80.8,0,2025-04-02,EN02
HH00969,South,Hima,Hima-14,0,4,0,0,0,1,45.7,1,7,78.0,0,2025-03-16,EN12
HH00970,Central,Elo,Elo-09,0,2,0,0,1,1,63.5,0,9,68.4,0,2025-03-04,EN06
HH00971,South,Ila,Ila-09,0,4,0,0,1,1,16.1,1,7,71.9,0,2025-03-31,EN04
HH00972,South,Hima,Hima-08,0,7,0,0,0,3,9.9,1,6,70.1,1,2025-03-18,EN01
HH00973,North,Aru,Aru-17,0,4,0,0,1,2,67.3,0,8,80.5,0,2025-03-21,EN06
HH00974,Central,Dima,Dima-10,0,1,0,0,1,0,28.9,1,7,74.5,1,2025-04-08,EN10
HH00975,Coast,Jubo,Jubo-11,1,6,0,0,0,2,51.8,0,8,76.2,1,2025-04-06,EN07
HH00976,North,Coro,Coro-07,0,4,0,0,1,1,68.9,0,10,85.8,0,2025-04-12,EN02
HH00977,North,Aru,Aru-17,0,2,0,1,0,2,8.7,1,7,74.2,1,2025-03-06,EN14
HH00978,Central,Dima,Dima-08,0,3,0,0,0,2,43.5,1,9,73.0,0,2025-03-03,EN11
HH00979,North,Bela,Bela-09,0,7,1,0,0,0,35.4,1,11,74.3,1,2025-03-29,EN02
HH00980,Central,Elo,Elo-08,0,2,1,0,0,2,7.9,1,8,59.7,0,2025-03-13,EN14
HH00981,Central,Elo,Elo-17,0,3,1,0,0,3,72.8,0,8,48.8,0,2025-04-01,EN14
HH00982,Coast,Kalo,Kalo-05,0,6,1,0,0,1,79.5,0,11,57.5,0,2025-03-23,EN04
HH00983,Central,Faro,Faro-12,0,6,1,0,0,2,60.2,0,7,81.7,0,2025-03-11,EN15
HH00984,South,Galo,Galo-10,0,8,0,0,2,2,58.0,0,7,56.8,0,2025-03-12,EN04
HH00985,Coast,Kalo,Kalo-03,0,6,0,0,1,1,53.7,0,10,68.8,0,2025-04-02,EN08
HH00986,North,Coro,Coro-11,0,6,1,0,1,1,56.2,0,10,79.6,0,2025-03-31,EN02
HH00987,South,Hima,Hima-15,0,8,0,1,0,2,72.3,1,9,70.2,0,2025-04-03,EN10
HH00988,Coast,Jubo,Jubo-03,0,1,0,1,0,1,35.7,1,5,82.4,0,2025-03-08,EN15
HH00989,Coast,Luma,Luma-18,0,7,1,0,2,0,35.6,1,7,75.8,0,2025-03-04,EN14
HH00990,Central,Elo,Elo-07,0,5,0,0,0,2,5.3,1,6,70.2,1,2025-03-05,EN04
HH00991,South,Ila,Ila-06,0,6,1,0,2,3,39.7,1,6,59.9,0,2025-03-20,EN04
HH00992,Central,Faro,Faro-14,0,6,1,0,0,0,54.1,0,6,69.4,0,2025-04-02,EN16
HH00993,North,Coro,Coro-04,0,4,0,0,2,1,49.0,0,5,77.0,0,2025-04-06,EN06
HH00994,Coast,Kalo,Kalo-12,1,1,0,0,0,0,19.5,1,10,84.2,1,2025-03-15,EN04
HH00995,South,Galo,Galo-02,0,5,0,0,0,1,39.0,1,6,72.8,0,2025-03-30,EN14
HH00996,South,Hima,Hima-14,0,6,0,0,2,3,62.9,0,10,84.0,0,2025-03-19,EN12
HH00997,Coast,Luma,Luma-17,1,7,1,0,3,3,48.4,0,12,78.9,0,2025-03-28,EN12
HH00998,North,Bela,Bela-14,0,2,1,0,0,2,46.4,1,8,70.3,0,2025-03-11,EN05
HH00999,Central,Faro,Faro-06,0,9,0,0,1,1,59.7,0,11,63.5,0,2025-03-19,EN15
HH01000,South,Galo,Galo-16,0,5,0,0,1,2,34.4,1,10,72.2,1,2025-04-10,EN07
HH01001,Central,Dima,Dima-09,0,9,0,0,0,1,60.4,0,10,68.2,0,2025-03-15,EN03
HH01002,Coast,Jubo,Jubo-04,0,3,1,0,1,3,18.7,1,10,72.5,0,2025-03-15,EN01
HH01003,South,Hima,Hima-06,0,8,0,0,0,3,41.0,1,5,75.3,1,2025-04-05,EN03
HH01004,North,Aru,Aru-03,0,7,0,0,2,1,64.4,0,11,69.7,0,2025-04-04,EN16
HH01005,North,Bela,Bela-11,0,5,0,0,1,0,36.5,1,11,90.2,0,2025-03-13,EN04
HH01006,Coast,Jubo,Jubo-15,1,7,1,0,2,1,52.3,0,10,63.4,0,2025-03-14,EN05
HH01007,Central,Faro,Faro-02,0,7,1,0,0,2,43.0,1,8,89.2,1,2025-04-04,EN13
HH01008,North,Bela,Bela-05,0,7,0,0,0,3,36.3,1,6,72.9,0,2025-03-13,EN05
HH01009,South,Hima,Hima-02,0,3,1,0,1,1,53.3,0,8,70.8,1,2025-03-15,EN02
HH01010,North,Bela,Bela-18,0,6,0,0,2,1,65.9,0,8,56.2,0,2025-03-26,EN14
HH01011,South,Hima,Hima-09,0,6,0,0,0,1,39.4,1,9,83.4,1,2025-03-27,EN15
HH01012,Central,Dima,Dima-03,0,1,0,0,1,0,25.0,1,10,82.2,0,2025-03-09,EN09
HH01013,South,Hima,Hima-10,0,5,0,0,2,0,16.2,1,6,86.5,0,2025-03-29,EN10
HH01014,Central,Dima,Dima-17,0,7,1,0,0,3,38.9,1,7,81.6,1,2025-03-09,EN16
HH01015,North,Coro,Coro-18,0,2,0,0,0,2,39.3,1,7,74.3,0,2025-03-26,EN13
HH01016,North,Aru,Aru-04,0,5,0,1,0,2,61.1,1,12,70.1,1,2025-03-28,EN11
HH01017,North,Aru,Aru-15,0,3,1,0,0,3,46.4,1,12,81.4,0,2025-03-13,EN10
HH01018,Central,Dima,Dima-09,0,5,0,1,3,2,37.5,1,11,66.1,1,2025-03-29,EN04
HH01019,Coast,Jubo,Jubo-11,1,4,0,0,3,0,68.5,0,12,88.3,0,2025-03-12,EN06
HH01020,Central,Elo,Elo-07,0,2,0,0,0,0,88.3,0,12,70.4,1,2025-03-14,EN01
HH01021,South,Hima,Hima-11,0,4,0,0,2,1,47.4,1,4,72.8,0,2025-03-27,EN10
HH01022,South,Hima,Hima-14,0,4,0,0,2,3,43.0,1,7,63.9,1,2025-03-01,EN02
HH01023,South,Ila,Ila-04,0,4,0,1,2,0,35.7,1,8,77.0,1,2025-04-11,EN03
HH01024,Central,Dima,Dima-12,0,4,1,1,2,3,70.2,1,9,63.2,0,2025-03-27,EN08
HH01025,Coast,Jubo,Jubo-05,1,3,0,0,3,0,43.1,1,9,72.0,1,2025-03-09,EN14
HH01026,South,Hima,Hima-06,0,7,0,1,0,1,51.8,1,7,73.9,0,2025-03-14,EN12
HH01027,Coast,Kalo,Kalo-01,0,4,0,1,2,1,45.8,1,9,77.0,0,2025-03-24,EN03
HH01028,Central,Elo,Elo-15,0,6,0,0,1,0,61.8,0,8,75.8,0,2025-03-12,EN16
HH01029,Central,Elo,Elo-06,0,3,0,0,0,1,36.8,1,8,73.0,1,2025-03-18,EN15
HH01030,North,Coro,Coro-07,0,8,1,0,1,0,53.8,0,10,84.9,0,2025-03-02,EN13
HH01031,South,Ila,Ila-10,0,7,1,0,0,4,28.3,1,6,74.6,1,2025-03-05,EN03
HH01032,Coast,Jubo,Jubo-08,0,6,1,0,0,1,40.7,1,7,68.6,1,2025-03-29,EN02
HH01033,Coast,Luma,Luma-17,1,3,0,0,0,1,31.0,1,7,86.9,1,2025-03-18,EN14
HH01034,Coast,Luma,Luma-16,1,7,1,0,0,0,21.0,1,7,64.4,0,2025-03-13,EN01
HH01035,North,Coro,Coro-05,0,3,1,0,0,2,23.3,1,6,70.6,0,2025-03-01,EN15
HH01036,South,Ila,Ila-05,0,8,1,0,0,3,48.5,0,6,78.9,0,2025-03-10,EN03
HH01037,Coast,Luma,Luma-17,0,5,1,0,0,2,85.0,0,11,72.7,0,2025-03-15,EN14
HH01038,North,Aru,Aru-13,0,5,0,0,0,3,35.1,1,9,78.9,1,2025-03-22,EN09
HH01039,North,Coro,Coro-08,0,4,0,0,2,0,85.0,0,12,72.9,0,2025-04-06,EN10
HH01040,Coast,Jubo,Jubo-11,1,1,0,1,0,1,12.9,1,9,89.5,1,2025-03-30,EN09
HH01041,Coast,Kalo,Kalo-09,1,7,1,1,0,2,16.9,1,6,69.8,0,2025-03-07,EN01
HH01042,Central,Dima,Dima-14,0,7,1,0,1,2,59.1,0,12,76.1,1,2025-03-22,EN14
HH01043,North,Coro,Coro-10,0,8,0,0,1,0,39.2,1,7,73.2,1,2025-03-18,EN06
HH01044,Coast,Luma,Luma-16,0,7,1,0,2,2,28.2,1,10,74.7,1,2025-04-09,EN13
HH01045,South,Galo,Galo-12,0,5,0,0,1,0,69.4,0,6,85.1,1,2025-04-08,EN16
HH01046,Central,Elo,Elo-09,0,5,0,0,1,1,82.6,0,7,86.1,0,2025-03-06,EN04
HH01047,Central,Elo,Elo-01,0,3,0,0,0,0,41.2,1,8,74.9,0,2025-04-04,EN02
HH01048,Central,Elo,Elo-15,0,5,1,0,3,1,51.4,0,6,65.3,0,2025-03-07,EN10
HH01049,Central,Faro,Faro-14,0,7,0,0,0,0,47.6,1,12,79.4,0,2025-04-07,EN13
HH01050,South,Galo,Galo-07,0,1,0,1,0,1,30.9,1,9,85.2,1,2025-04-12,EN02
HH01051,South,Hima,Hima-18,0,8,0,1,2,2,44.6,1,7,63.4,1,2025-04-11,EN06
HH01052,North,Aru,Aru-17,0,2,0,0,1,2,25.3,1,7,87.8,0,2025-03-20,EN03
HH01053,North,Coro,Coro-03,0,4,0,0,0,0,24.4,1,7,78.6,0,2025-03-25,EN11
HH01054,South,Ila,Ila-09,0,6,0,0,1,5,39.5,1,6,68.8,0,2025-04-03,EN03
HH01055,North,Bela,Bela-02,0,7,0,0,0,0,40.9,1,8,83.7,1,2025-04-11,EN16
HH01056,South,Hima,Hima-12,0,6,1,0,1,2,49.4,0,12,81.3,0,2025-03-20,EN16
HH01057,North,Coro,Coro-01,0,8,1,0,2,3,57.4,0,11,77.0,0,2025-03-28,EN04
HH01058,South,Hima,Hima-02,0,8,0,0,2,2,29.4,1,10,70.8,1,2025-04-06,EN04
HH01059,North,Bela,Bela-07,0,4,0,0,1,4,50.4,0,7,60.0,0,2025-04-05,EN08
HH01060,Central,Dima,Dima-09,0,5,1,0,0,1,32.5,1,8,95.0,1,2025-04-07,EN02
HH01061,Central,Dima,Dima-07,0,3,0,0,0,2,32.3,1,11,74.4,0,2025-03-25,EN16
HH01062,South,Hima,Hima-04,0,5,0,0,0,3,25.3,1,10,81.1,0,2025-03-29,EN15
HH01063,Central,Dima,Dima-08,0,4,0,0,1,0,5,1,5,80.9,0,2025-03-12,EN15
HH01064,South,Hima,Hima-04,0,6,0,0,1,1,23.6,1,6,93.1,0,2025-03-27,EN03
HH01065,North,Coro,Coro-11,0,2,1,0,1,2,29.9,1,8,62.4,0,2025-03-12,EN04
HH01066,Coast,Luma,Luma-13,0,6,1,0,0,1,57.1,0,11,72.5,0,2025-03-07,EN13
HH01067,Central,Elo,Elo-14,0,3,1,0,1,3,5,1,7,72.7,0,2025-04-10,EN09
HH01068,South,Hima,Hima-05,0,4,0,0,0,0,19.7,1,10,75.5,1,2025-03-06,EN05
HH01069,Central,Elo,Elo-14,0,5,0,1,1,0,24.8,1,8,81.2,0,2025-03-15,EN15
HH01070,North,Bela,Bela-01,0,5,0,0,2,2,33.8,1,6,69.2,0,2025-04-06,EN02
HH01071,North,Bela,Bela-04,0,3,0,0,1,0,68.8,0,9,61.1,0,2025-03-22,EN07
HH01072,Central,Dima,Dima-07,0,4,0,0,2,0,46.2,1,8,53.6,0,2025-04-08,EN12
HH01073,North,Coro,Coro-18,0,4,1,0,0,2,64.1,0,8,64.5,0,2025-03-17,EN03
HH01074,North,Coro,Coro-05,0,4,1,0,2,0,11.5,1,5,69.9,1,2025-04-09,EN14
HH01075,South,Ila,Ila-11,0,7,0,1,0,1,34.6,1,6,74.8,0,2025-04-05,EN03
HH01076,Central,Dima,Dima-18,0,7,0,0,4,1,36.1,1,10,71.1,0,2025-04-07,EN14
HH01077,Central,Elo,Elo-14,0,2,0,0,1,1,28.7,1,7,83.7,0,2025-03-01,EN12
HH01078,Coast,Jubo,Jubo-17,1,6,0,0,0,2,37.6,1,11,77.2,0,2025-03-10,EN05
HH01079,South,Galo,Galo-18,0,4,0,1,1,4,21.6,1,8,90.8,0,2025-04-11,EN02
HH01080,Central,Elo,Elo-06,0,7,1,0,0,2,56.9,0,10,66.2,0,2025-03-02,EN16
HH01081,South,Galo,Galo-17,0,5,0,0,2,1,47.8,1,11,67.1,1,2025-03-28,EN03
HH01082,Central,Elo,Elo-13,0,6,0,0,2,1,40.1,1,7,57.5,1,2025-04-09,EN12
HH01083,North,Coro,Coro-10,0,2,0,1,1,2,57.3,1,12,73.8,1,2025-04-08,EN11
HH01084,South,Ila,Ila-11,0,3,1,0,3,1,57.0,0,10,70.2,0,2025-03-26,EN04
HH01085,Coast,Jubo,Jubo-13,1,2,0,0,0,2,48.2,0,4,76.9,1,2025-03-09,EN06
HH01086,Coast,Luma,Luma-13,1,2,0,1,0,0,52.2,1,8,80.4,0,2025-04-09,EN03
HH01087,Coast,Luma,Luma-04,1,7,0,0,2,2,56.8,0,8,92.6,1,2025-03-07,EN12
HH01088,South,Ila,Ila-11,0,5,0,0,1,1,66.1,0,12,72.9,0,2025-04-12,EN03
HH01089,South,Hima,Hima-03,0,5,0,0,0,1,13.1,1,9,77.9,0,2025-03-21,EN09
HH01090,North,Aru,Aru-13,0,6,1,0,0,1,51.1,0,10,67.4,1,2025-04-01,EN10
HH01091,Coast,Luma,Luma-02,1,4,0,0,0,2,17.0,1,7,68.7,0,2025-03-15,EN10
HH01092,Coast,Jubo,Jubo-05,1,4,0,0,0,1,79.7,0,12,66.1,0,2025-03-27,EN09
HH01093,South,Ila,Ila-11,0,1,0,0,1,0,63.1,0,10,62.5,1,2025-03-11,EN03
HH01094,Coast,Luma,Luma-15,0,3,1,0,1,0,55.5,0,8,61.4,0,2025-03-26,EN14
HH01095,Coast,Luma,Luma-09,1,3,1,0,3,0,46.2,1,11,82.3,0,2025-03-11,EN11
HH01096,North,Coro,Coro-04,0,3,0,0,0,0,51.8,0,7,81.6,1,2025-03-04,EN03
HH01097,Coast,Luma,Luma-12,1,4,0,1,3,1,5,1,7,75.2,0,2025-03-11,EN16
HH01098,North,Bela,Bela-06,0,4,0,1,1,3,39.6,1,11,62.8,1,2025-03-14,EN16
HH01099,South,Galo,Galo-18,0,5,0,0,0,0,47.8,1,9,74.4,0,2025-04-07,EN10
HH01100,Central,Dima,Dima-03,0,4,0,0,0,1,32.8,1,7,89.1,0,2025-03-23,EN06
HH01101,Coast,Luma,Luma-18,1,5,1,0,3,2,8.6,1,7,76.1,0,2025-03-21,EN14
HH01102,Central,Faro,Faro-16,0,6,0,1,2,1,43.4,1,10,64.0,0,2025-03-26,EN06
HH01103,South,Hima,Hima-14,0,4,0,0,2,0,45.3,1,9,67.2,1,2025-03-16,EN16
HH01104,South,Hima,Hima-14,0,5,1,0,1,1,48.3,0,8,67.7,0,2025-04-04,EN09
HH01105,South,Ila,Ila-08,0,7,0,1,0,0,36.5,1,8,66.1,1,2025-03-22,EN04
HH01106,Coast,Luma,Luma-07,0,4,0,0,0,1,55.8,0,11,65.9,0,2025-03-20,EN10
HH01107,South,Galo,Galo-05,0,2,1,0,0,1,56.1,0,9,82.4,1,2025-03-29,EN16
HH01108,North,Bela,Bela-17,0,9,0,0,1,1,55.2,0,6,75.3,1,2025-03-05,EN03
HH01109,Central,Elo,Elo-08,0,9,0,0,1,4,42.6,1,7,77.1,1,2025-03-22,EN12
HH01110,South,Hima,Hima-09,0,3,0,0,2,1,34.2,1,9,62.0,0,2025-03-28,EN14
HH01111,South,Galo,Galo-18,0,7,0,0,3,3,5,1,10,73.1,0,2025-04-12,EN08
HH01112,Central,Faro,Faro-18,0,4,0,0,0,2,52.2,0,11,60.6,0,2025-04-03,EN12
HH01113,North,Coro,Coro-11,0,3,0,0,0,2,5,1,7,76.7,0,2025-03-25,EN05
HH01114,North,Aru,Aru-14,0,7,0,0,0,0,58.2,0,10,81.9,0,2025-04-01,EN16
HH01115,South,Galo,Galo-18,0,2,1,0,1,1,31.9,1,9,75.0,0,2025-03-13,EN03
HH01116,Coast,Luma,Luma-10,1,4,1,1,0,1,19.9,1,9,62.8,1,2025-03-09,EN11
HH01117,North,Bela,Bela-05,0,1,0,0,1,0,52.3,0,9,69.8,1,2025-03-15,EN03
HH01118,South,Galo,Galo-17,0,5,1,1,0,1,14.2,1,6,79.5,1,2025-03-05,EN12
HH01119,North,Aru,Aru-08,0,7,0,0,0,1,33.0,1,7,85.7,1,2025-03-07,EN02
HH01120,South,Hima,Hima-08,0,7,0,0,1,2,40.8,1,6,92.0,1,2025-04-07,EN14
HH01121,North,Aru,Aru-03,0,6,0,0,1,0,40.6,1,7,81.6,1,2025-03-13,EN15
HH01122,Central,Elo,Elo-12,0,6,0,0,0,2,88.3,0,12,56.7,1,2025-03-03,EN16
HH01123,Central,Elo,Elo-12,0,1,1,0,0,1,47.5,1,9,73.6,1,2025-03-15,EN02
HH01124,Central,Dima,Dima-03,0,6,0,0,0,3,53.2,0,12,80.5,0,2025-03-10,EN15
HH01125,North,Bela,Bela-03,0,4,0,0,0,0,52.9,0,9,74.0,0,2025-04-06,EN07
HH01126,North,Coro,Coro-08,0,2,1,0,2,2,24.5,1,11,62.5,0,2025-04-05,EN01
HH01127,North,Coro,Coro-17,0,7,1,0,0,3,13.0,1,6,87.9,0,2025-03-25,EN05
HH01128,Coast,Jubo,Jubo-08,1,6,0,1,1,0,50.9,1,10,72.5,1,2025-04-01,EN13
HH01129,North,Bela,Bela-08,0,7,0,0,0,0,51.2,0,7,71.5,0,2025-04-09,EN15
HH01130,South,Ila,Ila-12,0,4,1,0,1,3,34.8,1,4,75.9,0,2025-03-29,EN03
HH01131,Coast,Luma,Luma-18,0,7,0,0,1,0,51.1,0,10,62.9,0,2025-03-16,EN12
HH01132,Coast,Luma,Luma-05,1,5,0,0,3,2,29.5,1,6,82.4,0,2025-03-01,EN08
HH01133,Coast,Kalo,Kalo-07,0,2,0,0,0,0,56.1,0,11,83.7,0,2025-03-31,EN08
HH01134,South,Ila,Ila-14,0,7,0,0,1,0,75.3,0,9,58.9,0,2025-03-23,EN04
HH01135,South,Ila,Ila-02,0,5,0,0,2,1,28.1,1,6,78.2,0,2025-03-23,EN11
HH01136,Central,Faro,Faro-16,0,5,0,0,1,1,47.4,1,10,82.1,1,2025-04-07,EN07
HH01137,South,Galo,Galo-08,0,5,0,1,1,2,42.9,1,9,62.9,0,2025-03-20,EN09
HH01138,South,Hima,Hima-18,0,6,1,0,0,2,43.2,1,9,56.8,1,2025-04-01,EN04
HH01139,North,Aru,Aru-11,0,6,0,0,1,1,48.0,1,8,70.8,0,2025-03-17,EN01
HH01140,Coast,Kalo,Kalo-10,1,6,0,0,0,1,82.9,0,5,64.6,0,2025-03-08,EN03
HH01141,South,Galo,Galo-12,0,7,0,0,1,0,53.5,0,7,66.0,0,2025-04-05,EN06
HH01142,South,Galo,Galo-04,0,5,0,0,1,1,27.7,1,6,68.9,1,2025-03-27,EN02
HH01143,North,Bela,Bela-10,0,7,1,0,0,2,32.8,1,8,58.9,1,2025-03-07,EN10
HH01144,Central,Elo,Elo-01,0,3,0,0,0,1,25.4,1,9,78.5,0,2025-04-03,EN05
HH01145,North,Coro,Coro-10,0,5,0,0,2,0,50.4,0,5,66.5,1,2025-04-04,EN08
HH01146,Coast,Jubo,Jubo-13,0,5,1,0,0,0,32.0,1,7,91.0,1,2025-04-08,EN05
HH01147,Central,Elo,Elo-01,0,6,0,0,0,2,38.8,1,10,77.7,0,2025-03-31,EN15
HH01148,Central,Dima,Dima-03,0,4,1,0,1,2,27.5,1,6,84.6,1,2025-04-09,EN08
HH01149,North,Bela,Bela-08,0,7,0,0,0,0,67.6,0,11,70.3,0,2025-03-16,EN07
HH01150,Central,Faro,Faro-18,0,4,0,0,0,0,21.0,1,5,67.4,0,2025-03-06,EN10
HH01151,Coast,Kalo,Kalo-03,0,8,0,0,0,1,51.9,0,11,75.5,0,2025-04-08,EN16
HH01152,Central,Elo,Elo-12,0,3,0,0,2,2,45.6,1,7,60.4,0,2025-03-07,EN03
HH01153,South,Galo,Galo-08,0,9,1,0,1,2,7.5,1,2,77.6,1,2025-03-24,EN03
HH01154,Coast,Kalo,Kalo-09,0,5,0,1,2,2,26.4,1,10,78.0,0,2025-03-02,EN10
HH01155,Coast,Jubo,Jubo-17,1,5,1,0,0,2,54.0,0,5,75.1,0,2025-03-09,EN15
HH01156,Coast,Jubo,Jubo-15,0,10,1,0,0,2,72.1,0,12,73.8,0,2025-03-02,EN01
HH01157,Coast,Kalo,Kalo-07,1,8,0,0,2,1,42.8,1,8,51.2,0,2025-03-01,EN16
HH01158,Coast,Luma,Luma-11,1,7,0,1,1,0,40.6,1,5,74.8,1,2025-03-16,EN07
HH01159,Coast,Luma,Luma-13,1,5,1,0,1,0,71.3,0,12,70.4,0,2025-03-26,EN09
HH01160,Coast,Luma,Luma-12,1,6,1,0,2,0,41.0,1,11,82.8,0,2025-03-27,EN14
HH01161,North,Bela,Bela-18,0,6,0,0,1,0,62.5,0,8,87.3,1,2025-03-03,EN11
HH01162,Central,Faro,Faro-11,0,4,0,0,0,0,37.4,1,10,88.0,1,2025-03-31,EN13
HH01163,Coast,Luma,Luma-17,1,5,1,0,1,2,38.6,1,7,71.1,0,2025-03-12,EN01
HH01164,Coast,Luma,Luma-05,1,6,0,0,0,0,55.2,0,5,88.3,0,2025-04-02,EN14
HH01165,Coast,Kalo,Kalo-04,1,2,1,0,1,2,29.7,1,9,68.8,0,2025-03-10,EN01
HH01166,South,Hima,Hima-15,0,9,0,0,3,1,44.3,1,12,68.8,0,2025-03-18,EN06
HH01167,Coast,Jubo,Jubo-14,0,5,0,0,0,4,39.2,1,4,81.6,1,2025-03-17,EN16
HH01168,North,Bela,Bela-11,0,8,0,0,1,3,29.4,1,5,76.8,1,2025-04-08,EN10
HH01169,South,Ila,Ila-02,0,5,1,0,0,0,56.1,0,12,93.4,0,2025-03-31,EN11
HH01170,Coast,Jubo,Jubo-15,0,5,0,0,0,1,61.2,0,9,79.0,0,2025-03-06,EN03
HH01171,South,Galo,Galo-10,0,5,0,0,3,2,50.4,0,11,71.9,0,2025-03-18,EN12
HH01172,Coast,Luma,Luma-16,1,6,0,0,0,1,,1,8,73.9,0,2025-03-28,EN11
HH01173,Central,Faro,Faro-07,0,7,0,0,1,1,28.5,1,6,74.3,1,2025-03-12,EN07
HH01174,Coast,Kalo,Kalo-10,0,5,0,1,2,0,49.3,1,12,73.8,0,2025-03-14,EN09
HH01175,North,Aru,Aru-12,0,7,1,1,1,0,54.2,1,5,75.9,1,2025-04-04,EN10
HH01176,North,Coro,Coro-14,0,3,1,1,0,0,39.5,1,7,59.7,1,2025-03-12,EN03
HH01177,Coast,Luma,Luma-09,1,3,1,0,1,3,47.7,1,5,66.8,0,2025-03-19,EN12
HH01178,Central,Dima,Dima-14,0,4,0,0,1,2,36.0,1,2,76.6,0,2025-03-18,EN10
HH01179,South,Galo,Galo-12,0,5,0,0,0,0,51.2,0,7,58.2,0,2025-03-16,EN01
HH01180,Central,Elo,Elo-17,0,3,0,0,1,2,22.3,1,9,78.7,1,2025-03-14,EN07
HH01181,North,Aru,Aru-05,0,4,0,1,1,2,14.0,1,8,79.7,1,2025-04-08,EN08
HH01182,Coast,Luma,Luma-18,1,1,0,0,0,0,34.5,1,9,67.5,0,2025-03-07,EN01
HH01183,Central,Elo,Elo-13,0,7,0,0,1,2,31.1,1,4,63.6,0,2025-03-24,EN07
HH01184,Central,Elo,Elo-14,0,5,0,1,0,0,22.1,1,12,81.0,1,2025-03-29,EN09
HH01185,Central,Dima,Dima-05,0,3,0,0,0,1,13.1,1,10,95.6,0,2025-03-16,EN02
HH01186,Central,Dima,Dima-03,0,3,0,1,1,1,37.8,1,8,67.0,0,2025-03-16,EN13
HH01187,Central,Dima,Dima-02,0,3,0,0,1,1,44.2,1,9,89.1,0,2025-03-08,EN07
HH01188,South,Hima,Hima-05,0,4,0,0,0,2,44.7,1,6,89.8,0,2025-03-10,EN09
HH01189,North,Aru,Aru-10,0,3,0,1,1,2,5,1,6,76.9,1,2025-03-17,EN01
HH01190,Central,Dima,Dima-06,0,2,0,0,1,2,21.1,1,5,80.7,0,2025-03-07,EN11
HH01191,South,Ila,Ila-03,0,6,0,0,1,2,39.3,1,9,74.0,1,2025-03-14,EN03
HH01192,South,Galo,Galo-11,0,3,0,0,0,3,29.3,1,9,77.4,0,2025-04-08,EN11
HH01193,Coast,Kalo,Kalo-06,1,1,0,0,1,1,27.3,1,8,85.9,0,2025-03-15,EN04
HH01194,North,Bela,Bela-08,0,2,1,1,0,2,5,1,7,61.9,1,2025-04-07,EN16
HH01195,North,Coro,Coro-14,0,5,1,0,0,2,27.5,1,8,78.1,0,2025-03-13,EN12
HH01196,North,Bela,Bela-13,0,3,1,0,1,3,5,1,6,85.8,0,2025-04-11,EN10
HH01197,Coast,Kalo,Kalo-01,1,3,0,1,1,0,37.5,1,7,75.9,0,2025-03-14,EN03
HH01198,Central,Elo,Elo-12,0,6,0,0,0,3,,0,10,75.0,0,2025-03-15,EN11
HH01199,South,Hima,Hima-08,0,7,0,1,1,3,7.2,1,7,74.2,0,2025-03-02,EN03
HH01200,South,Galo,Galo-03,0,7,0,0,0,2,36.7,1,11,74.6,0,2025-04-10,EN07
HH00150,Central,Elo,Elo-13,0,3,1,0,1,2,38.4,1,5,66.3,1,2025-04-10,EN15
HH00488,Coast,Luma,Luma-10,1,6,0,0,1,1,28.3,1,5,81.9,0,2025-04-18,EN01
